user,duration,press_press_latency,release_press_latency,press_pressure,press_touch_major,press_touch_minor,press_x,press_y,press_x_acceleration,press_y_acceleration,press_z_acceleration,press_x_rotation,press_y_rotation,press_z_rotation,release_pressure,release_touch_major,release_touch_minor,release_x,release_y,release_x_acceleration,release_y_acceleration,release_z_acceleration,release_x_rotation,release_y_rotation,release_z_rotation
0,65.81818182,480.5,413.1,0.676136364,187.095,184.1827273,489.7272727,1418.142857,-1.117681818,6.051481818,6.672181818,0.304763636,-0.179090909,-0.642254545,0.580681818,157.9712727,157.9712727,488.1818182,1438.818182,-1.200881818,5.985572727,7.148272727,0.304836364,-0.178127273,-0.641818182
0,50.54545455,401.8,350.4,0.7,192.9200909,198.7449091,510.0909091,1425.909091,-0.875609091,3.928,7.745581818,0.213872727,-0.090590909,-0.624245455,0.642045455,172.5332727,172.5332727,512.4545455,1426.545455,-0.866045455,3.9795,8.086554545,0.212509091,-0.091663636,-0.624563636
0,48.27272727,322.9,273.9,0.686363636,192.92,190.0074545,506.2727273,1422.454545,-0.828245455,3.937636364,7.843609091,0.168709091,-0.126845455,-0.641563636,0.639772727,166.7084545,166.7084545,509.7272727,1432.545455,-0.944245455,3.934681818,8.113963636,0.167636364,-0.126790909,-0.642036364
1,93.90909091,285.5,190.5,0.609090909,175.4455455,152.1465455,525.2727273,1435.727273,-0.602390909,4.292054545,7.767490909,0.233009091,-0.038472727,-0.329909091,0.563636364,137.5842727,137.5842727,524.4545455,1431.636364,-0.584881818,4.255390909,8.609227273,0.234345455,-0.0438,-0.334463636
1,73.36363636,315.7,240.8,0.603409091,152.1465455,146.3215455,520.4545455,1436.454545,-0.887772727,4.321936364,7.648718182,0.243272727,-0.021736364,-0.287436364,0.572727273,137.5841909,137.5841909,520.3636364,1440.909091,-0.816745455,4.2462,8.6209,0.243427273,-0.021372727,-0.287736364
1,87.90909091,309.9,223.2,0.601136364,143.4090909,143.4091818,526.9090909,1444.454545,-0.463172727,4.301563636,7.764463636,0.231909091,-0.048381818,-0.341445455,0.601136364,143.4091818,143.4091818,526.9090909,1444.454545,-0.452254545,4.298590909,8.567245455,0.233590909,-0.053718182,-0.345154545
2,115.7272727,396.4,275.7,0.580681818,140.4967273,140.4967273,536.7272727,1456.636364,0.427472727,6.317336364,6.439190909,0.147281818,-0.330809091,-0.827409091,0.585227273,140.4967273,140.4967273,536.7272727,1465.181818,0.444918182,6.396827273,7.007581818,0.147463636,-0.330863636,-0.827109091
2,127.2727273,548.1,418.1,0.565909091,137.5842727,125.9344545,533.6363636,1457.090909,0.416472727,6.718763636,6.047381818,0.123954545,-0.367318182,-0.854081818,0.560227273,125.9344545,125.9344545,533.6363636,1453.454545,0.442681818,6.791690909,6.630863636,0.1242,-0.367109091,-0.854127273
2,123.3636364,500.2,376.2,0.575,123.022,125.9344545,532.3636364,1457.545455,0.455172727,6.4695,6.318918182,0.139890909,-0.343709091,-0.836154545,0.572727273,125.9344545,125.9344545,532.2727273,1455.909091,0.465536364,6.536554545,6.861909091,0.139945455,-0.344227273,-0.835954545
3,67.09090909,563.6,496.5,0.5875,128.8469091,128.8469091,508.9090909,1441.454545,0.121672727,6.296363636,6.337290909,0.299027273,0.190990909,0.517945455,0.542045455,120.1095545,120.1095545,508.2727273,1437.363636,0.103990909,6.321145455,7.2043,0.299581818,0.191054545,0.517918182
3,74.09090909,427.3,355.1,0.659090909,149.2338182,181.2705455,550.3636364,1436.090909,-2.015945455,8.333309091,3.8615,0.298754545,0.408427273,0.596072727,0.610227273,163.7959091,163.7959091,550.5454545,1445.363636,-1.597554545,8.794681818,3.4597,0.297527273,0.409745455,0.594963636
3,72.72727273,492,421.3,0.628409091,178.3580909,157.971,552.8181818,1449,-1.865009091,8.671772727,3.548472727,0.270818182,0.465163636,0.623245455,0.6125,155.0585455,155.0585455,553,1450.454545,-1.846618182,8.8915,3.167463636,0.270936364,0.465572727,0.623363636
4,68.63636364,334.8,266.1,0.630681818,149.2339091,160.8837273,483.1818182,1467.454545,0.185990909,6.287672727,6.718490909,0.334054545,0.107581818,0.308145455,0.606818182,152.1464545,152.1464545,483,1463.909091,0.199590909,6.224463636,7.556663636,0.333409091,0.107881818,0.308218182
4,69,363.6,292.8,0.630681818,163.7960909,157.9712727,490.7272727,1449.181818,0.0098,5.795236364,6.8201,0.298036364,0.099672727,0.308309091,0.576136364,143.4090909,143.4090909,489.8181818,1446.272727,0.032727273,5.7529,7.713072727,0.298118182,0.100690909,0.307863636
4,64.90909091,294,227.6,0.638636364,157.9712727,163.7960909,493.9090909,1448.090909,0.324218182,6.206036364,6.579154545,0.328236364,0.099,0.3094,0.602272727,149.2340909,149.2340909,493.2727273,1446.545455,0.311227273,6.165772727,7.582654545,0.328854545,0.099518182,0.309009091
5,102.6363636,344.5,242.4,0.569318182,155.0588182,128.8469091,482.4545455,1448.545455,0.592609091,1.774109091,8.314563636,-0.0159,-0.096536364,-0.9773,0.511363636,125.9344636,125.9344636,480.9090909,1446.545455,0.733663636,1.828445455,9.008745455,-0.017745455,-0.097063636,-0.977009091
5,104.9090909,289.5,184.9,0.588636364,131.7593636,143.4091818,488.0909091,1447.363636,1.6266,1.727527273,8.187718182,-0.080690909,-0.1158,-0.972345455,0.569318182,137.5842727,137.5842727,487.0909091,1446.818182,1.735081818,1.879590909,8.9318,-0.080309091,-0.117218182,-0.972081818
5,91.45454545,287,193.9,0.589772727,143.4091818,140.4967273,487.9090909,1441.909091,1.241336364,1.691809091,8.2039,-0.041745455,-0.105272727,-0.9661,0.546590909,125.9344545,125.9344545,486.6363636,1446.181818,1.407027273,1.883072727,9.106490909,-0.043218182,-0.106581818,-0.9658
6,52.09090909,210.9,156,0.632954545,149.2339091,157.9711818,515.5454545,1452.272727,0.1599,6.241136364,6.676127273,0.321918182,0.111818182,0.339818182,0.618181818,152.1463636,152.1463636,515.4545455,1457.818182,0.142172727,6.1855,7.408890909,0.322581818,0.112727273,0.340581818
6,55.81818182,264.6,210.7,0.634090909,152.1463636,157.9712727,514.7272727,1459.909091,0.255136364,6.2158,6.821727273,0.321781818,0.107345455,0.333363636,0.629545455,157.9712727,157.9712727,514.6363636,1458,0.1441,6.248645455,7.164054545,0.321954545,0.107681818,0.333118182
6,61.27272727,398.1,336.5,0.635227273,166.7084545,163.796,523.0909091,1452.363636,0.144481818,6.026563636,6.8206,0.303972727,0.111845455,0.338427273,0.613636364,152.1465455,152.1465455,522.4545455,1453.909091,0.0905,6.029581818,7.476272727,0.305818182,0.110490909,0.337472727
7,62.36363636,517.1,453.4,0.595454545,152.1464545,140.4967273,564.7272727,1455.272727,-1.315390909,8.569727273,3.4913,0.369163636,0.377790909,0.486190909,0.561363636,128.8469182,128.8469182,564,1452,-1.910754545,8.5568,3.869854545,0.374527273,0.379154545,0.484027273
7,72.72727273,1060.9,990,0.605681818,137.5842727,143.4090909,548.0909091,1440.636364,-0.527145455,6.245736364,6.086554545,0.321436364,0.153954545,0.371445455,0.597727273,137.5842818,137.5842818,547.9090909,1442.363636,-0.660381818,6.373409091,6.664572727,0.318618182,0.151027273,0.370009091
7,64,506,441.4,0.5875,146.3215455,137.5842727,552.2727273,1455.363636,-1.280527273,8.023354545,4.682209091,0.3744,0.310354545,0.459754545,0.575,134.6718182,134.6718182,552.2727273,1458.909091,-1.588927273,8.108045455,4.621854545,0.380145455,0.309581818,0.4531
8,42.09090909,475.8,432.8,0.607954545,137.5842727,143.4090909,535.9090909,1450.181818,0.098209091,4.072581818,7.740445455,0.154445455,0.158036364,0.716818182,0.589772727,134.6718182,134.6718182,536.0909091,1439.454545,0.058318182,4.126627273,8.469109091,0.154054545,0.158363636,0.716872727
8,46.45454545,430.6,386.1,0.6125,143.4090909,149.2340909,546.3636364,1439.636364,0.121545455,3.927218182,7.871627273,0.152163636,0.149172727,0.719736364,0.585227273,134.6718182,134.6718182,546.2727273,1441.909091,0.128836364,3.976736364,8.589663636,0.1516,0.147454545,0.718836364
8,38.72727273,293.2,253.9,0.595454545,152.1465455,140.4967273,538.1818182,1439.090909,0.2256,3.808209091,7.813536364,0.148827273,0.1468,0.714763636,0.569318182,131.7593636,131.7593636,537.8181818,1435.727273,0.2493,3.858081818,8.466118182,0.149609091,0.1488,0.7157
9,77.18181818,361.5,285.8,0.584090909,137.5842727,140.4967273,520.9090909,1449.272727,-0.467590909,5.332272727,6.936609091,0.066990909,-0.285436364,-0.944690909,0.568181818,134.6718182,134.6718182,520.6363636,1458.090909,-0.455663636,5.329445455,7.888490909,0.068118182,-0.285527273,-0.944554545
9,83.72727273,279,195.2,0.593181818,140.4967273,140.4967273,544.2727273,1453.181818,-1.124690909,3.9534,7.652536364,0.215527273,-0.052590909,-0.499390909,0.572727273,134.6718182,134.6718182,543.3636364,1449.636364,-1.157436364,3.998545455,8.5079,0.217836364,-0.052927273,-0.499818182
9,72.09090909,805.3,734,0.584090909,140.4967273,143.4091818,520.7272727,1451.909091,-0.601272727,5.398690909,6.834945455,0.076936364,-0.287927273,-0.942972727,0.561363636,134.6718182,134.6718182,520.5454545,1453.727273,-0.722236364,5.492609091,7.695581818,0.077627273,-0.289172727,-0.942427273
10,55,294.8,237.6,0.581818182,140.4967273,128.8469091,481.2727273,1454.909091,0.547663636,6.555781818,6.285990909,0.364609091,-0.044663636,-0.030190909,0.559090909,123.0220091,123.0220091,481,1459,0.558036364,6.585427273,6.921218182,0.365536364,-0.043554545,-0.029272727
10,59.54545455,258.2,200.3,0.610227273,134.6718182,149.2340909,489.6363636,1448.545455,0.386090909,6.676727273,6.177618182,0.373309091,-0.032890909,-0.033536364,0.584090909,137.5842727,137.5842727,488.7272727,1449.363636,0.448090909,6.702181818,6.929281818,0.372663636,-0.032927273,-0.0338
10,47.09090909,315.2,269.3,0.598863636,146.3216364,137.5842727,467.9090909,1457.090909,0.364845455,6.771027273,6.231672727,0.379145455,-0.0322,-0.028318182,0.573863636,134.6718182,134.6718182,468,1451.090909,0.387145455,6.793327273,6.798518182,0.379354545,-0.032072727,-0.028545455
11,63.63636364,346.3,284.7,0.565909091,128.8469091,123.022,523.6363636,1456.454545,-0.331481818,6.4749,6.479381818,0.226418182,0.277618182,0.689690909,0.560227273,123.022,123.022,523.6363636,1459,-0.311554545,6.530345455,7.306836364,0.226363636,0.276472727,0.690609091
11,81.36363636,407.7,324.9,0.568181818,125.9344545,125.9344545,516.5454545,1454.545455,-0.044627273,6.7572,6.351736364,0.2437,0.287281818,0.698154545,0.55,123.0220091,123.0220091,516.3636364,1444,-0.046263636,6.798372727,7.217163636,0.243254545,0.287990909,0.698327273
11,62.72727273,342,279.6,0.577272727,128.8469091,123.0220182,515.1818182,1448.636364,-0.141890909,6.592854545,6.372136364,0.238009091,0.278754545,0.693663636,0.553409091,120.1095636,120.1095636,514.8181818,1453.454545,-0.0575,6.683654545,7.483754545,0.238254545,0.278854545,0.693563636
12,53.36363636,169.7,116.8,0.586363636,120.1095636,131.7593636,504.9090909,1451.090909,0.289163636,6.252463636,6.609990909,0.331145455,0.107954545,0.330754545,0.586363636,131.7593636,131.7593636,504.9090909,1453.181818,0.275927273,6.249790909,7.115963636,0.331763636,0.108681818,0.331809091
12,57.81818182,143,85.3,0.580681818,131.7593636,125.9344636,503.3636364,1462.636364,0.805281818,6.783590909,6.248581818,0.305727273,0.232863636,0.645018182,0.576136364,125.9344636,125.9344636,503.2727273,1465.181818,0.842336364,6.767963636,6.853281818,0.306327273,0.230627273,0.644072727
12,47.81818182,178.9,130.4,0.584090909,123.0220182,125.9344636,515.5454545,1457.181818,0.201281818,6.367436364,6.422845455,0.346572727,0.135036364,0.3483,0.584090909,125.9344636,125.9344636,515.5454545,1451.363636,0.150972727,6.292472727,6.905381818,0.348154545,0.135045455,0.348645455
13,64.27272727,309.5,242.1,0.592045455,134.6718182,143.4091818,513.6363636,1461,-0.820409091,7.023018182,5.886809091,0.128109091,0.368563636,0.829290909,0.592045455,143.4091818,143.4091818,513.6363636,1466.545455,-0.8046,6.980990909,6.634554545,0.128045455,0.368690909,0.829390909
13,61.81818182,184.3,122.2,0.590909091,143.4091818,137.5842727,504.9090909,1462.818182,-0.281790909,7.572136364,5.315054545,0.128927273,0.413245455,0.849354545,0.564772727,128.8469091,128.8469091,504.1818182,1458.454545,-0.326218182,7.531545455,5.979381818,0.129154545,0.413190909,0.849636364
13,60.27272727,163.9,104.3,0.593181818,137.5842727,143.4091818,510.2727273,1461.909091,-0.2164,7.525563636,5.325818182,0.135,0.410327273,0.841654545,0.588636364,137.5842727,137.5842727,510.1818182,1465.636364,-0.177563636,7.557009091,5.820445455,0.134718182,0.410909091,0.841736364
14,104.1818182,284.6,180,0.722727273,163.796,198.7448182,535.8181818,1454.727273,0.677945455,7.501436364,5.319690909,0.3971,0.177845455,0.460845455,0.677272727,181.2704545,181.2704545,532.1818182,1453.272727,0.5046,7.588036364,5.594772727,0.395509091,0.179145455,0.461718182
14,99.54545455,398.9,299.5,0.680681818,201.6572727,190.0076364,497.1818182,1460.818182,0.659190909,7.023527273,5.913563636,0.4,-0.006318182,0.055081818,0.645454545,169.6208182,169.6208182,495.9090909,1457.272727,0.653245455,7.097372727,6.7867,0.401745455,-0.003372727,0.056945455
14,99.63636364,308,207.5,0.706818182,184.1827273,192.92,528.1818182,1457,0.369190909,7.114272727,5.858227273,0.364681818,0.174545455,0.4398,0.673863636,175.4456364,175.4456364,527.7272727,1454.909091,0.2992,7.138990909,6.244481818,0.365636364,0.1724,0.438481818
15,57.36363636,331.8,277.1,0.584090909,169.6207273,137.5842727,522.0909091,1456.272727,1.171163636,6.545927273,6.497981818,0.245909091,-0.276845455,-0.582754545,0.543181818,125.9344545,125.9344545,521.1818182,1454.545455,1.103754545,6.542127273,6.9697,0.244327273,-0.278390909,-0.584327273
15,71.63636364,716.5,648.5,0.588636364,137.5842727,134.6718182,501.7272727,1449.727273,1.040136364,6.181,6.761390909,0.242472727,-0.247827273,-0.564045455,0.575,125.9344545,125.9344545,500.8181818,1452.545455,1.083227273,6.2556,7.496818182,0.2415,-0.247818182,-0.5642
15,64.90909091,648.5,584.6,0.575,134.6718182,131.7593636,500.0909091,1450.181818,0.851718182,6.134781818,6.735254545,0.243645455,-0.237881818,-0.5817,0.557954545,125.9344545,125.9344545,499.4545455,1448.363636,0.844009091,6.183190909,7.292127273,0.242845455,-0.2379,-0.582263636
16,66.54545455,366.3,303.1,0.576136364,128.8469091,125.9344545,532.6363636,1452.363636,0.414263636,6.177818182,6.781827273,0.096545455,-0.3245,-0.881690909,0.557954545,123.022,123.022,531.9090909,1451.090909,0.402827273,6.182127273,7.418427273,0.096354545,-0.324472727,-0.881736364
16,78.63636364,602.1,527.2,0.589772727,131.7593636,143.4091818,515.2727273,1455.636364,0.401154545,6.191181818,6.7283,0.101509091,-0.321681818,-0.8772,0.570454545,131.7593636,131.7593636,513.2727273,1456,0.434645455,6.2389,7.357836364,0.100918182,-0.323636364,-0.877036364
16,69.54545455,673.1,604.9,0.581818182,143.4091818,134.6718182,517.9090909,1452,0.410090909,6.013236364,6.878172727,0.110790909,-0.303109091,-0.871963636,0.552272727,128.8469091,128.8469091,516.7272727,1455,0.378590909,5.953536364,7.562054545,0.110118182,-0.304127273,-0.872218182
17,91.36363636,546.7,454.5,0.596590909,137.5842727,140.4967273,509.2727273,1439.727273,-0.315536364,6.811290909,5.895054545,0.278163636,0.276690909,0.618709091,0.572727273,134.6718273,134.6718273,509.0909091,1427.636364,-0.309463636,6.869572727,6.609572727,0.278527273,0.274972727,0.618090909
17,89.54545455,482.8,395.1,0.6,140.4967273,137.5842727,519.6363636,1419.636364,-0.201236364,6.806309091,6.132345455,0.276872727,0.273418182,0.622136364,0.581818182,134.6718182,134.6718182,519.5454545,1419.545455,-0.276036364,6.822645455,6.682309091,0.276872727,0.273418182,0.622136364
17,94.36363636,400,307,0.5875,131.7593636,128.8469091,515.6363636,1440.454545,-0.236972727,6.600772727,6.186418182,0.262854545,0.265390909,0.6242,0.576136364,125.9344545,125.9344545,515.6363636,1445.181818,-0.281163636,6.636745455,6.795354545,0.2628,0.2666,0.624781818
18,95.18181818,256.9,160.5,0.632954545,143.409,163.7960909,529.1818182,1439.636364,-0.973345455,6.678563636,5.9941,0.384272727,0.025945455,-0.071127273,0.580681818,146.3215455,146.3215455,528.5454545,1436.181818,-0.948327273,6.725281818,6.8901,0.3847,0.025972727,-0.070845455
18,95.63636364,369.3,270.8,0.617045455,157.9713636,152.1465455,504.1818182,1442.363636,-0.902663636,7.517718182,5.4068,0.4349,0.050181818,-0.005972727,0.593181818,146.3216364,146.3216364,503.8181818,1438.727273,-0.896263636,7.563009091,5.983781818,0.434363636,0.049909091,-0.005536364
18,88.81818182,299.7,212.1,0.619318182,152.1465455,152.1465455,499.9090909,1416.727273,-1.114863636,7.496063636,5.283318182,0.432727273,0.063572727,0.000881818,0.614772727,146.3216364,146.3216364,499.9090909,1417.909091,-1.095245455,7.569254545,6.005527273,0.432909091,0.063845455,0.000872727
19,76.54545455,422.6,345.9,0.617045455,152.1465455,155.059,514,1450.090909,0.891209091,6.151090909,6.799409091,0.064409091,0.3498,0.931754545,0.580681818,137.5842727,137.5842727,512.7272727,1446.363636,1.016645455,6.192627273,7.129445455,0.064309091,0.349681818,0.931781818
19,97.72727273,582.9,500.5,0.610227273,155.059,146.3216455,494,1439.272727,0.742818182,6.172263636,6.779081818,0.059354545,0.3569,0.928209091,0.567045455,131.7593636,131.7593636,494.7272727,1442.818182,0.872636364,6.189563636,7.193472727,0.058209091,0.356381818,0.928554545
19,76.45454545,384.8,308.2,0.619318182,143.4091909,152.1465455,532.5454545,1439.272727,1.306218182,6.027154545,7.029527273,0.093981818,0.337363636,0.931709091,0.581818182,128.8469091,128.8469091,530.8181818,1439.363636,1.390609091,6.095936364,7.127972727,0.093536364,0.336854545,0.931963636
20,73.90909091,303.9,229.3,0.582954545,146.3216364,131.7593636,508.9090909,1445.818182,0.149263636,7.221909091,5.948254545,0.367245455,0.175754545,0.413990909,0.542045455,128.8469091,128.8469091,508.3636364,1442.727273,0.131163636,7.250772727,6.646972727,0.3669,0.1758,0.414118182
20,88.90909091,284.4,192.4,0.581818182,137.5842727,134.6718182,518.5454545,1450.454545,0.092536364,7.238381818,5.947727273,0.363827273,0.180936364,0.414436364,0.567045455,131.7593636,131.7593636,518.4545455,1457.363636,0.0422,7.173645455,6.5616,0.363781818,0.180736364,0.414736364
20,75.18181818,219.5,144.3,0.603409091,140.4965455,149.2338182,518.6363636,1447.090909,-0.002445455,7.245318182,5.771181818,0.354645455,0.202836364,0.449072727,0.561363636,140.4965455,140.4965455,517.8181818,1448,-0.030190909,7.281054545,6.695490909,0.354954545,0.2031,0.448936364
21,69.36363636,402.4,335.2,0.604545455,146.3215455,146.3216364,563.6363636,1457.545455,-0.3648,6.842227273,5.892672727,0.331372727,0.205263636,0.4452,0.577272727,137.5842727,137.5842727,563.5454545,1457.545455,-0.284090909,6.866172727,6.637527273,0.330509091,0.204872727,0.445909091
21,62.36363636,236.4,171,0.601136364,143.4091818,140.4967273,533.9090909,1461.818182,-1.021590909,7.762436364,4.901918182,0.223,0.401909091,0.717363636,0.577272727,137.5842727,137.5842727,533.6363636,1462.636364,-1.024363636,7.7401,5.539509091,0.223509091,0.401,0.716718182
21,47.90909091,488.1,439.6,0.6,137.5842727,146.3216364,571.2727273,1457.818182,-0.033327273,7.028918182,5.788827273,0.347872727,0.204854545,0.454763636,0.6,146.3216364,146.3216364,571.2727273,1451.818182,-0.020209091,6.955081818,6.035381818,0.346854545,0.205627273,0.455790909
22,94.36363636,318,224.2,0.596590909,149.2340909,149.2340909,524.1818182,1439.545455,-0.465681818,5.710736364,6.774945455,0.046063636,0.318554545,0.923609091,0.592045455,146.3216364,146.3216364,524.1818182,1438.818182,-0.486036364,5.794818182,7.683281818,0.045436364,0.320572727,0.923054545
22,90.54545455,392.7,303,0.6,149.2340909,149.2340909,510.6363636,1439.636364,0.154509091,5.153645455,7.150472727,0.091554545,0.277009091,0.914854545,0.585227273,146.3216364,146.3216364,510.6363636,1442.090909,0.138536364,5.230554545,7.865190909,0.092227273,0.276881818,0.914681818
22,94.72727273,360,264.2,0.592045455,149.2340909,146.3216364,501.6363636,1446.181818,-0.659063636,5.733209091,6.687145455,0.073145455,-0.317290909,-0.9387,0.589772727,143.4091818,143.4091818,501.4545455,1443.727273,-0.497218182,5.8495,7.515554545,0.0727,-0.317909091,-0.938545455
23,60.45454545,794.4,732.9,0.636363636,157.9711818,166.7083636,532.7272727,1443.454545,-0.364736364,6.390872727,6.664063636,0.1877,-0.299663636,-0.817063636,0.628409091,157.9712727,157.9712727,532.4545455,1446.090909,-0.388309091,6.530790909,7.279845455,0.188090909,-0.300618182,-0.816518182
23,66.54545455,281.7,214.4,0.657954545,166.7083636,172.5331818,532.1818182,1449.545455,-0.526218182,6.076909091,6.645254545,0.188890909,-0.270581818,-0.820727273,0.647727273,163.7959091,163.7959091,532.0909091,1452.090909,-0.448318182,6.288854545,7.554045455,0.186018182,-0.273436364,-0.8209
23,66.63636364,195.9,129.2,0.654545455,172.5331818,166.7084545,524,1455.818182,-1.043654545,6.3312,6.546618182,0.298545455,-0.1766,-0.593418182,0.644318182,160.8837273,160.8837273,523.7272727,1459.545455,-0.976227273,6.380654545,7.121609091,0.3003,-0.175154545,-0.590963636
24,57.18181818,245.4,189.2,0.65,166.7084545,169.6208182,507.7272727,1448.636364,0.146281818,6.2795,6.4627,0.253627273,0.2418,0.658245455,0.586363636,149.2340909,149.2340909,506.9090909,1439.545455,0.154372727,6.263081818,7.1586,0.255827273,0.242254545,0.6579
24,62.09090909,202,139.5,0.639772727,166.7084545,166.7084545,504.5454545,1455.272727,0.024772727,7.939336364,5.137136364,0.296963636,0.378990909,0.664609091,0.622727273,160.8837273,160.8837273,504.1818182,1452.818182,0.023927273,8.006818182,5.545036364,0.297118182,0.379981818,0.664318182
24,63.36363636,191.1,128,0.640909091,169.6208182,169.6208182,506.6363636,1445,-0.033281818,6.625336364,6.207918182,0.266445455,0.266972727,0.653663636,0.5875,152.1464545,152.1464545,505.4545455,1446.272727,-0.104954545,6.621654545,6.626427273,0.266490909,0.266718182,0.653518182
25,122,536.8,417.6,0.6,157.9712727,140.4967273,520.9090909,1447.909091,1.151236364,4.1806,7.671927273,0.092145455,-0.2168,-0.7617,0.539772727,131.7593727,131.7593727,518.7272727,1451.636364,1.163090909,4.266854545,8.392081818,0.092336364,-0.217036364,-0.761281818
25,102.9090909,870,764.2,0.589772727,140.4967273,140.4967364,581.0909091,1451.545455,-0.723590909,4.850027273,7.115181818,0.169218182,-0.197081818,-0.792772727,0.567045455,137.5842818,137.5842818,579.7272727,1459.727273,-0.826254545,5.010945455,8.035781818,0.169345455,-0.196263636,-0.792772727
25,121.6363636,476.2,354.9,0.6,143.4091909,152.1465455,521.1818182,1451.181818,1.086609091,4.091527273,7.736909091,0.085372727,-0.213381818,-0.777672727,0.534090909,134.6718182,134.6718182,519,1440.454545,1.0984,4.167836364,8.497272727,0.085472727,-0.213236364,-0.777318182
26,74,298.1,226.7,0.614772727,146.3216364,152.1464545,543.1818182,1461.181818,-0.6283,7.097454545,5.670536364,0.278172727,0.302536364,0.616936364,0.594318182,146.3215455,146.3215455,543,1465.454545,-0.597790909,7.117781818,6.187018182,0.2781,0.302145455,0.616281818
26,76.81818182,242.9,164.2,0.621590909,157.9713636,155.0589091,535.5454545,1466.636364,-0.549354545,7.0288,5.750209091,0.275654545,0.299781818,0.6213,0.617045455,152.1464545,152.1464545,535.3636364,1464.181818,-0.5545,7.057990909,6.233609091,0.275436364,0.299536364,0.621609091
26,79,358.4,279,0.618181818,155.0589091,152.1465455,544.2727273,1464.454545,-0.607781818,7.187063636,5.588381818,0.278463636,0.310318182,0.621618182,0.606818182,146.3216364,146.3216364,544.0909091,1468.363636,-0.615109091,7.190927273,6.204290909,0.278581818,0.310336364,0.621827273
27,60.63636364,701.5,638.9,0.55,140.4967273,123.022,597.2727273,1447.636364,-0.242563636,0.110418182,8.669681818,0.001736364,0.013081818,0.375727273,0.4875,114.2846636,114.2846636,596.8181818,1441.181818,-0.279718182,0.098618182,9.341909091,0.001718182,0.013390909,0.375854545
27,64.72727273,816.8,750.6,0.573863636,123.022,120.1095545,558.1818182,1457.818182,-0.236245455,0.017036364,8.755954545,0.009763636,0.010118182,-0.347463636,0.547727273,117.1971091,117.1971091,557.6363636,1472.090909,-0.249090909,0.027372727,9.662945455,0.009654545,0.009954545,-0.347481818
27,55.18181818,516.7,459.3,0.561363636,117.1971091,114.2846636,571.8181818,1463.090909,-0.236727273,0.103845455,8.715663636,0.001981818,0.008681818,0.353636364,0.527272727,108.4597727,108.4597727,571.5454545,1447.363636,-0.221663636,0.102018182,9.732709091,0.001990909,0.008836364,0.353254545
28,69.45454545,371.4,303.4,0.539772727,120.1095636,125.9344545,525.4545455,1450.090909,0.228718182,5.893863636,6.870081818,0.326154545,-0.010927273,0.005463636,0.492045455,117.1971091,117.1971091,524.6363636,1449.636364,0.243545455,5.918790909,7.597263636,0.326345455,-0.011163636,0.004845455
28,70.18181818,481.7,413.7,0.577272727,131.7593636,131.7593636,506.8181818,1449.636364,0.199872727,6.0934,6.649609091,0.322372727,0.080854545,0.236554545,0.547727273,120.1095636,120.1095636,506.3636364,1448.545455,0.191436364,6.146872727,7.326636364,0.322763636,0.078427273,0.230027273
28,66,302.6,236.7,0.536363636,123.022,120.1095545,530,1434.727273,0.158090909,6.060236364,6.736463636,0.335390909,-0.000863636,0.017936364,0.509090909,117.1971091,117.1971091,528.9090909,1428.272727,0.158772727,6.067581818,7.469281818,0.335518182,-0.000254545,0.018654545
29,60.45454545,482.1,422.2,0.594318182,123.0220091,134.6718182,527.4545455,1424.636364,-0.658209091,4.548936364,7.572127273,0.207154545,0.139218182,0.382263636,0.576136364,134.6718182,134.6718182,526.9090909,1425.545455,-0.792545455,4.651136364,8.308763636,0.2034,0.126454545,0.372127273
29,56.63636364,543.7,487.2,0.607954545,143.4090909,146.3214545,544.4545455,1431.090909,-1.284872727,4.215845455,7.7974,0.173036364,0.160409091,0.433863636,0.584090909,140.4965545,140.4965545,543.9090909,1431.909091,-1.327490909,4.319636364,8.599563636,0.172336364,0.1594,0.431045455
29,68.81818182,559.7,492.4,0.596590909,137.5841818,137.5842727,529.4545455,1442.454545,-0.466281818,5.177372727,7.366445455,0.261018182,0.075772727,0.201781818,0.586363636,131.7593636,131.7593636,529,1446.636364,-0.699190909,5.258990909,7.919572727,0.261845455,0.080281818,0.203727273
30,112.1818182,266.8,157.7,0.634090909,146.3216364,160.8837273,522.2727273,1448.636364,-0.425563636,7.447890909,5.446854545,0.424536364,0.043709091,0.049172727,0.617045455,157.9712727,157.9712727,521.8181818,1452.636364,-0.410390909,7.584772727,6.458081818,0.423063636,0.044509091,0.049836364
30,105.9090909,246.5,140.9,0.640909091,160.8837273,157.9713636,523.0909091,1461.181818,-0.406681818,7.467081818,5.583554545,0.4242,0.055590909,0.064681818,0.604545455,155.059,155.059,522.6363636,1456.454545,-0.338827273,7.556818182,6.320327273,0.424681818,0.056372727,0.0639
30,107.6363636,265.9,160.1,0.639772727,157.9713636,160.8837273,517.4545455,1452.363636,-0.408472727,7.441290909,5.602954545,0.419636364,0.052718182,0.055809091,0.621590909,155.0588182,155.0588182,517.0909091,1454.727273,-0.419290909,7.522427273,6.534536364,0.419990909,0.052336364,0.056145455
31,67.27272727,331.1,262.1,0.627272727,160.8837273,157.9713636,529.8181818,1455,-0.928518182,5.226009091,7.233636364,-0.008290909,0.297945455,0.939454545,0.521590909,128.8469091,128.8469091,534.4545455,1455.818182,-0.920263636,5.239718182,8.229418182,-0.008890909,0.298618182,0.939227273
31,55,275.8,221.1,0.636363636,157.9713636,163.7960909,517.2727273,1454.181818,-0.915654545,5.210518182,7.194590909,-0.001436364,0.295845455,0.939154545,0.543181818,143.4091818,143.4091818,527.8181818,1464.727273,-0.886109091,5.288754545,7.968490909,-0.0023,0.295790909,0.939609091
31,61.81818182,386.5,322.6,0.619318182,163.7960909,149.2340909,526.0909091,1458.181818,-0.907145455,5.272263636,7.1877,-0.006818182,0.302709091,0.936636364,0.545454545,128.8469091,128.8469091,528.7272727,1455.545455,-0.892063636,5.2876,8.128545455,-0.007263636,0.302654545,0.936763636
32,86.63636364,277.3,192.1,0.589772727,140.4967273,131.7593636,500.3636364,1452.636364,-0.113609091,6.026618182,6.830045455,0.222063636,-0.263454545,-0.750709091,0.576136364,128.8469091,128.8469091,500.1818182,1452.636364,-0.101427273,6.021927273,7.521681818,0.221018182,-0.263454545,-0.751436364
32,82.54545455,811.8,726.8,0.573863636,128.8469091,123.022,500.8181818,1442.818182,-0.101627273,6.148581818,6.727336364,0.222536364,-0.268609091,-0.751263636,0.565909091,123.022,123.022,500.6363636,1437.636364,-0.111545455,6.135727273,7.471136364,0.223236364,-0.268618182,-0.750136364
32,89.36363636,416.8,325.2,0.577272727,125.9344545,131.7593636,496.1818182,1441,-0.465590909,6.276927273,6.545918182,0.239745455,-0.265545455,-0.754654545,0.577272727,131.7593636,131.7593636,496.1818182,1441.818182,-0.465036364,6.336245455,7.350954545,0.238836364,-0.267045455,-0.754990909
33,87.90909091,328.7,241.1,0.588636364,131.7593636,134.6718182,482.7272727,1439.090909,-0.798709091,4.141281818,7.854854545,0.128845455,0.187318182,0.687027273,0.582954545,134.6718182,134.6718182,482.7272727,1441,-0.8044,4.179536364,8.626554545,0.128436364,0.187127273,0.686690909
33,89.54545455,323.6,232.6,0.592045455,134.6718182,140.4967273,487.2727273,1443.272727,-0.754990909,4.194163636,7.786245455,0.129081818,0.187427273,0.692581818,0.592045455,140.4967273,140.4967273,487.2727273,1444.636364,-0.736609091,4.202963636,8.705254545,0.129518182,0.188227273,0.693845455
33,88.54545455,340.4,253,0.606818182,146.3216364,146.3216364,476.3636364,1453.818182,-0.487318182,3.891518182,7.970618182,0.150790909,0.145781818,0.587209091,0.598863636,146.3216364,146.3216364,476.1818182,1451.818182,-0.443218182,3.919027273,8.873090909,0.150081818,0.146536364,0.587663636
34,77.54545455,452.8,374.3,0.567045455,140.4967273,123.0220091,529.7272727,1455.363636,-0.090572727,7.841909091,5.229145455,0.450454545,0.006645455,0.001763636,0.567045455,123.0220091,123.0220091,529.7272727,1460.181818,-0.0494,7.867081818,5.720690909,0.450954545,0.006245455,0.0019
34,66,346.3,280.5,0.555681818,120.1095545,123.022,518.9090909,1456.181818,0.029727273,8.323963636,4.577527273,0.487336364,-0.000118182,-0.001763636,0.551136364,123.022,123.022,518.8181818,1451.363636,0.069381818,8.333236364,5.044763636,0.488354545,-0.0023,-0.003254545
34,67.27272727,520.2,452,0.553409091,123.022,120.1095545,531.6363636,1483.090909,-0.130363636,8.223554545,4.723645455,0.482409091,0.010918182,0.007336364,0.553409091,120.1095545,120.1095545,531.6363636,1484.272727,-0.086736364,8.23,5.232854545,0.482627273,0.010554545,0.006918182
35,81.27272727,357.9,276,0.628409091,137.5841,163.7960909,562.2727273,1449.727273,-1.037027273,7.204954545,5.747581818,0.330736364,0.240781818,0.423954545,0.561363636,146.3215455,146.3215455,561.5454545,1448.727273,-1.2036,7.131963636,6.338772727,0.330309091,0.229418182,0.419545455
35,80.81818182,424.5,342.3,0.644318182,160.8837273,163.7960909,556.0909091,1447.363636,-1.1507,5.614163636,6.856109091,0.241545455,0.185,0.4231,0.595454545,152.1464545,152.1464545,555,1446.363636,-1.299354545,5.592809091,7.761863636,0.243054545,0.184645455,0.422563636
35,79.18181818,768.1,688.5,0.630681818,163.7960909,163.7960909,618.7272727,1431.818182,-0.976790909,7.154490909,5.769672727,0.3268,0.226054545,0.422454545,0.6,146.3216364,146.3216364,618.5454545,1436.545455,-0.948763636,7.199418182,6.536945455,0.328672727,0.227618182,0.422572727
36,92.72727273,495,401.3,0.621590909,157.9712727,157.9712727,523.8181818,1450.727273,-0.230390909,4.548572727,7.742009091,0.149645455,0.174472727,0.640618182,0.564772727,143.4090909,143.4090909,523.8181818,1442.363636,-0.366072727,4.456563636,8.471481818,0.149572727,0.174490909,0.641045455
36,87.36363636,421.2,335.1,0.614772727,160.8837273,149.2340909,534.2727273,1442.818182,-0.328481818,4.4261,7.707836364,0.172381818,0.164390909,0.605418182,0.598863636,137.5842727,137.5842727,534,1441.545455,-0.384627273,4.421409091,8.421109091,0.171618182,0.161781818,0.604236364
36,87.27272727,356.8,268.3,0.607954545,149.2340909,149.234,527.0909091,1441.545455,-0.411045455,4.666236364,7.665718182,0.177272727,0.179754545,0.614290909,0.571590909,143.4090909,143.4090909,526.8181818,1445,-0.46,4.712881818,8.440190909,0.177218182,0.1793,0.614527273
37,96.81818182,614,515.8,0.571590909,140.4966364,125.9344545,521.9090909,1432,-0.449672727,6.716145455,6.376327273,0.366890909,0.062390909,0.095390909,0.573863636,125.9344545,125.9344545,521.1818182,1425.545455,-0.400563636,6.766145455,7.145309091,0.367127273,0.062309091,0.095309091
37,91.09090909,445.3,354.4,0.593181818,128.8469091,134.6718182,514.6363636,1423.363636,-0.260672727,6.665409091,6.408863636,0.361072727,0.019845455,0.096418182,0.584090909,131.7593636,131.7593636,514.3636364,1421.545455,-0.267172727,6.733372727,7.055136364,0.3616,0.021436364,0.093063636
37,89.18181818,372.9,282.3,0.575,131.7593636,128.8469091,516.4545455,1426.727273,-0.3868,6.621909091,6.471790909,0.362190909,0.062218182,0.103872727,0.575,128.8469091,128.8469091,516.4545455,1429.636364,-0.374081818,6.624872727,7.258818182,0.361572727,0.062218182,0.103809091
38,65.63636364,298.8,234.2,0.6125,143.4089091,149.2338182,568,1445.818182,-0.427563636,7.949027273,4.822518182,0.477372727,-0.012145455,-0.082518182,0.545454545,134.6718182,134.6718182,567.5454545,1452.727273,-0.739027273,8.248627273,4.613890909,0.479363636,-0.011090909,-0.081881818
38,50.45454545,455,406.3,0.609090909,143.4090909,149.2339091,630.7272727,1451.636364,-0.593627273,7.680209091,5.038745455,0.448154545,-0.019136364,-0.1052,0.582954545,140.4966455,140.4966455,630.7272727,1457.272727,-0.678154545,7.849554545,5.3011,0.446009091,-0.022272727,-0.108545455
38,63.54545455,272.5,211.9,0.622727273,152.1463636,157.9711818,564.8181818,1466,-0.6832,8.204445455,4.075054545,0.5045,-0.016463636,-0.103354545,0.584090909,140.4967273,140.4967273,566.7272727,1464.909091,-0.876272727,8.3146,4.476363636,0.504572727,-0.016545455,-0.103772727
39,123.3636364,503.8,381.5,0.618181818,155.0588182,155.059,502.2727273,1444.818182,0.046790909,2.170163636,8.362409091,0.101936364,0.051927273,0.433409091,0.565909091,146.3216364,146.3216364,499.8181818,1438.181818,-0.111218182,2.377454545,8.9922,0.105872727,0.052772727,0.431372727
39,104.2727273,337.3,236,0.632954545,155.059,163.7960909,504.1818182,1449.181818,-0.2328,2.011136364,8.456363636,0.094318182,0.061154545,0.408854545,0.5875,149.2340909,149.2340909,501.4545455,1447.272727,-0.459609091,2.216472727,8.802409091,0.093954545,0.061427273,0.409254545
39,114.2727273,505.9,391.9,0.643181818,169.6208182,166.7084545,514.4545455,1440.545455,-0.760654545,5.451681818,7.201418182,0.309563636,0.031445455,-0.061354545,0.610227273,163.7960909,163.7960909,513.5454545,1440.727273,-0.742572727,5.486654545,8.058281818,0.309545455,0.030681818,-0.0612
40,112.9090909,362.8,250.3,0.614772727,157.9712727,143.4091818,518.4545455,1451.363636,-0.512409091,5.877827273,6.922581818,0.201781818,-0.271709091,-0.827627273,0.606818182,140.4967273,140.4967273,517,1462.909091,-0.461772727,5.931509091,7.694027273,0.198763636,-0.273609091,-0.828554545
40,114.4545455,253.8,140.4,0.614772727,143.4091818,149.2340909,523.4545455,1470.272727,-0.352345455,5.198627273,7.352072727,0.1926,-0.220854545,-0.783,0.597727273,146.3216364,146.3216364,523.2727273,1467.090909,-0.328363636,5.252845455,8.085663636,0.193545455,-0.221272727,-0.782645455
40,120.8181818,402.4,282.8,0.623863636,149.2340909,143.4091818,504.7272727,1459,-0.504327273,5.610554545,7.208509091,0.194209091,-0.252781818,-0.828709091,0.595454545,137.5842727,137.5842727,504,1455.818182,-0.5277,5.586190909,7.887481818,0.1944,-0.252990909,-0.828572727
41,50.63636364,377.7,327,0.579545455,134.6718182,123.0220091,502.3636364,1454.727273,0.226545455,6.491718182,6.661872727,0.345418182,0.006918182,0.099736364,0.559090909,117.1971182,117.1971182,502,1452.090909,0.214418182,6.510454545,7.0234,0.344827273,0.004390909,0.093618182
41,60.09090909,319.9,257.1,0.567045455,123.0220091,125.9344545,505.6363636,1458.909091,0.082754545,6.375890909,6.893663636,0.355590909,0.031518182,0.093954545,0.531818182,120.1095545,120.1095545,505.3636364,1453.454545,0.137790909,6.433609091,7.417245455,0.357154545,0.032081818,0.097345455
41,63.72727273,282.7,217.6,0.565909091,123.0220091,125.9343727,505.0909091,1440.727273,-0.129081818,7.001572727,6.115063636,0.391890909,-0.034945455,-0.091536364,0.545454545,120.1095636,120.1095636,505.3636364,1441.181818,-0.119418182,7.071309091,6.546127273,0.391672727,-0.034272727,-0.091481818
42,58.54545455,312.5,253.1,0.645454545,146.3212727,169.6207273,529,1439.454545,0.450881818,8.510590909,4.345927273,0.380481818,0.335654545,0.602618182,0.620454545,152.1463636,152.1463636,528.3636364,1439.090909,0.463427273,8.511509091,4.716590909,0.380281818,0.335672727,0.603027273
42,65.63636364,226.7,158.7,0.636363636,169.6207273,160.8833636,530.8181818,1438.727273,0.597890909,8.434863636,4.467572727,0.381681818,0.326509091,0.605663636,0.6,149.2338273,149.2338273,530.1818182,1439.545455,0.586163636,8.397972727,4.836509091,0.381318182,0.326290909,0.605909091
42,68.90909091,185.2,113.5,0.655681818,166.7082727,175.4455455,525.8181818,1454.545455,0.554536364,8.382381818,4.499209091,0.379690909,0.324081818,0.604327273,0.628409091,160.8834545,160.8834545,525.2727273,1464.636364,0.536545455,8.4227,4.886254545,0.3804,0.323954545,0.603881818
43,75.27272727,400.2,323.2,0.660227273,181.2704545,181.2706364,511.2727273,1453.727273,0.100072727,3.703454545,7.846218182,0.176436364,0.101190909,0.506472727,0.639772727,166.7083636,166.7083636,510.4545455,1434.727273,0.075590909,3.681581818,8.686718182,0.176154545,0.100818182,0.506472727
43,72.36363636,239.5,165.7,0.653409091,178.3581818,175.4456364,513.8181818,1432.727273,0.109472727,3.683572727,7.871327273,0.175345455,0.099709091,0.506636364,0.640909091,169.6207273,169.6207273,513.4545455,1442.636364,0.103618182,3.665109091,8.704918182,0.175572727,0.099554545,0.506463636
43,68.45454545,367.5,298,0.648863636,172.5331818,169.6208182,510.7272727,1459.363636,0.098981818,3.810418182,7.806645455,0.181618182,0.105018182,0.510363636,0.613636364,157.9711818,157.9711818,510,1459.909091,0.111536364,3.847681818,8.629754545,0.181054545,0.105,0.509990909
44,51.54545455,362.7,310.2,0.585227273,155.0588182,140.4967273,518.5454545,1435.181818,-1.256263636,8.395836364,4.023263636,0.503163636,0.003736364,-0.123454545,0.559090909,134.6718273,134.6718273,517.8181818,1424.181818,-1.533027273,8.526236364,4.524009091,0.502454545,0.002263636,-0.124754545
44,60,729.3,670,0.613636364,143.4090909,152.1464545,510.8181818,1427.090909,-0.943654545,8.127054545,4.446627273,0.480036364,-0.0033,-0.101218182,0.5875,140.4966364,140.4966364,509,1426.636364,-1.111154545,8.208227273,4.969727273,0.477754545,0.001209091,-0.094954545
44,66.81818182,445,377.3,0.638636364,155.0589091,166.7084545,532.7272727,1414.090909,-0.734609091,8.000027273,4.639836364,0.458572727,-0.002454545,-0.075181818,0.603409091,155.0588182,155.0588182,532.1818182,1411.454545,-0.986463636,8.1019,5.005036364,0.460027273,-0.001736364,-0.074263636
45,102.1818182,206.7,102.6,0.618181818,163.7960909,155.059,509.5454545,1440.909091,0.2078,3.017481818,8.129481818,0.017190909,0.162236364,0.986327273,0.571590909,140.4967273,140.4967273,508.7272727,1444.909091,0.227509091,3.028709091,8.766172727,0.017218182,0.161327273,0.986490909
45,90.81818182,216.7,123.5,0.613636364,155.059,155.059,497.4545455,1446.909091,1.028745455,2.410809091,8.304872727,-0.010872727,-0.144945455,-0.945745455,0.594318182,149.2340909,149.2340909,496.3636364,1450.090909,1.054645455,2.507081818,9.019472727,-0.009127273,-0.142963636,-0.946472727
45,106.6363636,220,112.7,0.614772727,155.059,155.059,491.1818182,1467,0.699581818,2.561345455,7.940427273,0.153536364,-0.031954545,0.067254545,0.55,137.5842727,137.5842727,488.6363636,1468.454545,0.725636364,2.419318182,8.746718182,0.152736364,-0.033009091,0.062818182
46,42,243.3,198,0.564772727,152.1465455,131.7593727,520.4545455,1454.272727,0.392845455,6.200881818,6.497990909,0.340772727,0.071363636,0.2519,0.551136364,128.8469182,128.8469182,520.4545455,1456.636364,0.4277,6.213536364,7.157927273,0.340063636,0.070645455,0.252045455
46,72.90909091,337.7,262.4,0.605681818,131.7593727,152.1465455,503.1818182,1447.909091,0.738563636,5.783936364,6.776572727,0.325818182,0.028418182,0.204727273,0.586363636,149.2340909,149.2340909,502.9090909,1438.363636,0.740554545,5.7976,7.335745455,0.325127273,0.026618182,0.202163636
46,64.81818182,348,278.3,0.6,155.059,143.4091818,509.2727273,1441.545455,0.070381818,5.418690909,7.024872727,0.301181818,0.048963636,0.168963636,0.580681818,134.6718182,134.6718182,509,1442.272727,0.0869,5.450545455,7.520472727,0.299981818,0.049509091,0.168863636
30,112.1818182,266.8,157.7,0.634090909,146.3216364,160.8837273,522.2727273,1448.636364,-0.425563636,7.447890909,5.446854545,0.424536364,0.043709091,0.049172727,0.617045455,157.9712727,157.9712727,521.8181818,1452.636364,-0.410390909,7.584772727,6.458081818,0.423063636,0.044509091,0.049836364
30,105.9090909,246.5,140.9,0.640909091,160.8837273,157.9713636,523.0909091,1461.181818,-0.406681818,7.467081818,5.583554545,0.4242,0.055590909,0.064681818,0.604545455,155.059,155.059,522.6363636,1456.454545,-0.338827273,7.556818182,6.320327273,0.424681818,0.056372727,0.0639
30,107.6363636,265.9,160.1,0.639772727,157.9713636,160.8837273,517.4545455,1452.363636,-0.408472727,7.441290909,5.602954545,0.419636364,0.052718182,0.055809091,0.621590909,155.0588182,155.0588182,517.0909091,1454.727273,-0.419290909,7.522427273,6.534536364,0.419990909,0.052336364,0.056145455
31,67.27272727,331.1,262.1,0.627272727,160.8837273,157.9713636,529.8181818,1455,-0.928518182,5.226009091,7.233636364,-0.008290909,0.297945455,0.939454545,0.521590909,128.8469091,128.8469091,534.4545455,1455.818182,-0.920263636,5.239718182,8.229418182,-0.008890909,0.298618182,0.939227273
31,55,275.8,221.1,0.636363636,157.9713636,163.7960909,517.2727273,1454.181818,-0.915654545,5.210518182,7.194590909,-0.001436364,0.295845455,0.939154545,0.543181818,143.4091818,143.4091818,527.8181818,1464.727273,-0.886109091,5.288754545,7.968490909,-0.0023,0.295790909,0.939609091
31,61.81818182,386.5,322.6,0.619318182,163.7960909,149.2340909,526.0909091,1458.181818,-0.907145455,5.272263636,7.1877,-0.006818182,0.302709091,0.936636364,0.545454545,128.8469091,128.8469091,528.7272727,1455.545455,-0.892063636,5.2876,8.128545455,-0.007263636,0.302654545,0.936763636
32,86.63636364,277.3,192.1,0.589772727,140.4967273,131.7593636,500.3636364,1452.636364,-0.113609091,6.026618182,6.830045455,0.222063636,-0.263454545,-0.750709091,0.576136364,128.8469091,128.8469091,500.1818182,1452.636364,-0.101427273,6.021927273,7.521681818,0.221018182,-0.263454545,-0.751436364
32,82.54545455,811.8,726.8,0.573863636,128.8469091,123.022,500.8181818,1442.818182,-0.101627273,6.148581818,6.727336364,0.222536364,-0.268609091,-0.751263636,0.565909091,123.022,123.022,500.6363636,1437.636364,-0.111545455,6.135727273,7.471136364,0.223236364,-0.268618182,-0.750136364
32,89.36363636,416.8,325.2,0.577272727,125.9344545,131.7593636,496.1818182,1441,-0.465590909,6.276927273,6.545918182,0.239745455,-0.265545455,-0.754654545,0.577272727,131.7593636,131.7593636,496.1818182,1441.818182,-0.465036364,6.336245455,7.350954545,0.238836364,-0.267045455,-0.754990909
33,87.90909091,328.7,241.1,0.588636364,131.7593636,134.6718182,482.7272727,1439.090909,-0.798709091,4.141281818,7.854854545,0.128845455,0.187318182,0.687027273,0.582954545,134.6718182,134.6718182,482.7272727,1441,-0.8044,4.179536364,8.626554545,0.128436364,0.187127273,0.686690909
33,89.54545455,323.6,232.6,0.592045455,134.6718182,140.4967273,487.2727273,1443.272727,-0.754990909,4.194163636,7.786245455,0.129081818,0.187427273,0.692581818,0.592045455,140.4967273,140.4967273,487.2727273,1444.636364,-0.736609091,4.202963636,8.705254545,0.129518182,0.188227273,0.693845455
33,88.54545455,340.4,253,0.606818182,146.3216364,146.3216364,476.3636364,1453.818182,-0.487318182,3.891518182,7.970618182,0.150790909,0.145781818,0.587209091,0.598863636,146.3216364,146.3216364,476.1818182,1451.818182,-0.443218182,3.919027273,8.873090909,0.150081818,0.146536364,0.587663636
34,77.54545455,452.8,374.3,0.567045455,140.4967273,123.0220091,529.7272727,1455.363636,-0.090572727,7.841909091,5.229145455,0.450454545,0.006645455,0.001763636,0.567045455,123.0220091,123.0220091,529.7272727,1460.181818,-0.0494,7.867081818,5.720690909,0.450954545,0.006245455,0.0019
34,66,346.3,280.5,0.555681818,120.1095545,123.022,518.9090909,1456.181818,0.029727273,8.323963636,4.577527273,0.487336364,-0.000118182,-0.001763636,0.551136364,123.022,123.022,518.8181818,1451.363636,0.069381818,8.333236364,5.044763636,0.488354545,-0.0023,-0.003254545
34,67.27272727,520.2,452,0.553409091,123.022,120.1095545,531.6363636,1483.090909,-0.130363636,8.223554545,4.723645455,0.482409091,0.010918182,0.007336364,0.553409091,120.1095545,120.1095545,531.6363636,1484.272727,-0.086736364,8.23,5.232854545,0.482627273,0.010554545,0.006918182
35,81.27272727,357.9,276,0.628409091,137.5841,163.7960909,562.2727273,1449.727273,-1.037027273,7.204954545,5.747581818,0.330736364,0.240781818,0.423954545,0.561363636,146.3215455,146.3215455,561.5454545,1448.727273,-1.2036,7.131963636,6.338772727,0.330309091,0.229418182,0.419545455
35,80.81818182,424.5,342.3,0.644318182,160.8837273,163.7960909,556.0909091,1447.363636,-1.1507,5.614163636,6.856109091,0.241545455,0.185,0.4231,0.595454545,152.1464545,152.1464545,555,1446.363636,-1.299354545,5.592809091,7.761863636,0.243054545,0.184645455,0.422563636
35,79.18181818,768.1,688.5,0.630681818,163.7960909,163.7960909,618.7272727,1431.818182,-0.976790909,7.154490909,5.769672727,0.3268,0.226054545,0.422454545,0.6,146.3216364,146.3216364,618.5454545,1436.545455,-0.948763636,7.199418182,6.536945455,0.328672727,0.227618182,0.422572727
36,92.72727273,495,401.3,0.621590909,157.9712727,157.9712727,523.8181818,1450.727273,-0.230390909,4.548572727,7.742009091,0.149645455,0.174472727,0.640618182,0.564772727,143.4090909,143.4090909,523.8181818,1442.363636,-0.366072727,4.456563636,8.471481818,0.149572727,0.174490909,0.641045455
36,87.36363636,421.2,335.1,0.614772727,160.8837273,149.2340909,534.2727273,1442.818182,-0.328481818,4.4261,7.707836364,0.172381818,0.164390909,0.605418182,0.598863636,137.5842727,137.5842727,534,1441.545455,-0.384627273,4.421409091,8.421109091,0.171618182,0.161781818,0.604236364
36,87.27272727,356.8,268.3,0.607954545,149.2340909,149.234,527.0909091,1441.545455,-0.411045455,4.666236364,7.665718182,0.177272727,0.179754545,0.614290909,0.571590909,143.4090909,143.4090909,526.8181818,1445,-0.46,4.712881818,8.440190909,0.177218182,0.1793,0.614527273
37,96.81818182,614,515.8,0.571590909,140.4966364,125.9344545,521.9090909,1432,-0.449672727,6.716145455,6.376327273,0.366890909,0.062390909,0.095390909,0.573863636,125.9344545,125.9344545,521.1818182,1425.545455,-0.400563636,6.766145455,7.145309091,0.367127273,0.062309091,0.095309091
37,91.09090909,445.3,354.4,0.593181818,128.8469091,134.6718182,514.6363636,1423.363636,-0.260672727,6.665409091,6.408863636,0.361072727,0.019845455,0.096418182,0.584090909,131.7593636,131.7593636,514.3636364,1421.545455,-0.267172727,6.733372727,7.055136364,0.3616,0.021436364,0.093063636
37,89.18181818,372.9,282.3,0.575,131.7593636,128.8469091,516.4545455,1426.727273,-0.3868,6.621909091,6.471790909,0.362190909,0.062218182,0.103872727,0.575,128.8469091,128.8469091,516.4545455,1429.636364,-0.374081818,6.624872727,7.258818182,0.361572727,0.062218182,0.103809091
38,65.63636364,298.8,234.2,0.6125,143.4089091,149.2338182,568,1445.818182,-0.427563636,7.949027273,4.822518182,0.477372727,-0.012145455,-0.082518182,0.545454545,134.6718182,134.6718182,567.5454545,1452.727273,-0.739027273,8.248627273,4.613890909,0.479363636,-0.011090909,-0.081881818
38,50.45454545,455,406.3,0.609090909,143.4090909,149.2339091,630.7272727,1451.636364,-0.593627273,7.680209091,5.038745455,0.448154545,-0.019136364,-0.1052,0.582954545,140.4966455,140.4966455,630.7272727,1457.272727,-0.678154545,7.849554545,5.3011,0.446009091,-0.022272727,-0.108545455
38,63.54545455,272.5,211.9,0.622727273,152.1463636,157.9711818,564.8181818,1466,-0.6832,8.204445455,4.075054545,0.5045,-0.016463636,-0.103354545,0.584090909,140.4967273,140.4967273,566.7272727,1464.909091,-0.876272727,8.3146,4.476363636,0.504572727,-0.016545455,-0.103772727
39,123.3636364,503.8,381.5,0.618181818,155.0588182,155.059,502.2727273,1444.818182,0.046790909,2.170163636,8.362409091,0.101936364,0.051927273,0.433409091,0.565909091,146.3216364,146.3216364,499.8181818,1438.181818,-0.111218182,2.377454545,8.9922,0.105872727,0.052772727,0.431372727
39,104.2727273,337.3,236,0.632954545,155.059,163.7960909,504.1818182,1449.181818,-0.2328,2.011136364,8.456363636,0.094318182,0.061154545,0.408854545,0.5875,149.2340909,149.2340909,501.4545455,1447.272727,-0.459609091,2.216472727,8.802409091,0.093954545,0.061427273,0.409254545
39,114.2727273,505.9,391.9,0.643181818,169.6208182,166.7084545,514.4545455,1440.545455,-0.760654545,5.451681818,7.201418182,0.309563636,0.031445455,-0.061354545,0.610227273,163.7960909,163.7960909,513.5454545,1440.727273,-0.742572727,5.486654545,8.058281818,0.309545455,0.030681818,-0.0612
40,112.9090909,362.8,250.3,0.614772727,157.9712727,143.4091818,518.4545455,1451.363636,-0.512409091,5.877827273,6.922581818,0.201781818,-0.271709091,-0.827627273,0.606818182,140.4967273,140.4967273,517,1462.909091,-0.461772727,5.931509091,7.694027273,0.198763636,-0.273609091,-0.828554545
40,114.4545455,253.8,140.4,0.614772727,143.4091818,149.2340909,523.4545455,1470.272727,-0.352345455,5.198627273,7.352072727,0.1926,-0.220854545,-0.783,0.597727273,146.3216364,146.3216364,523.2727273,1467.090909,-0.328363636,5.252845455,8.085663636,0.193545455,-0.221272727,-0.782645455
40,120.8181818,402.4,282.8,0.623863636,149.2340909,143.4091818,504.7272727,1459,-0.504327273,5.610554545,7.208509091,0.194209091,-0.252781818,-0.828709091,0.595454545,137.5842727,137.5842727,504,1455.818182,-0.5277,5.586190909,7.887481818,0.1944,-0.252990909,-0.828572727
41,50.63636364,377.7,327,0.579545455,134.6718182,123.0220091,502.3636364,1454.727273,0.226545455,6.491718182,6.661872727,0.345418182,0.006918182,0.099736364,0.559090909,117.1971182,117.1971182,502,1452.090909,0.214418182,6.510454545,7.0234,0.344827273,0.004390909,0.093618182
41,60.09090909,319.9,257.1,0.567045455,123.0220091,125.9344545,505.6363636,1458.909091,0.082754545,6.375890909,6.893663636,0.355590909,0.031518182,0.093954545,0.531818182,120.1095545,120.1095545,505.3636364,1453.454545,0.137790909,6.433609091,7.417245455,0.357154545,0.032081818,0.097345455
41,63.72727273,282.7,217.6,0.565909091,123.0220091,125.9343727,505.0909091,1440.727273,-0.129081818,7.001572727,6.115063636,0.391890909,-0.034945455,-0.091536364,0.545454545,120.1095636,120.1095636,505.3636364,1441.181818,-0.119418182,7.071309091,6.546127273,0.391672727,-0.034272727,-0.091481818
42,58.54545455,312.5,253.1,0.645454545,146.3212727,169.6207273,529,1439.454545,0.450881818,8.510590909,4.345927273,0.380481818,0.335654545,0.602618182,0.620454545,152.1463636,152.1463636,528.3636364,1439.090909,0.463427273,8.511509091,4.716590909,0.380281818,0.335672727,0.603027273
42,65.63636364,226.7,158.7,0.636363636,169.6207273,160.8833636,530.8181818,1438.727273,0.597890909,8.434863636,4.467572727,0.381681818,0.326509091,0.605663636,0.6,149.2338273,149.2338273,530.1818182,1439.545455,0.586163636,8.397972727,4.836509091,0.381318182,0.326290909,0.605909091
42,68.90909091,185.2,113.5,0.655681818,166.7082727,175.4455455,525.8181818,1454.545455,0.554536364,8.382381818,4.499209091,0.379690909,0.324081818,0.604327273,0.628409091,160.8834545,160.8834545,525.2727273,1464.636364,0.536545455,8.4227,4.886254545,0.3804,0.323954545,0.603881818
43,75.27272727,400.2,323.2,0.660227273,181.2704545,181.2706364,511.2727273,1453.727273,0.100072727,3.703454545,7.846218182,0.176436364,0.101190909,0.506472727,0.639772727,166.7083636,166.7083636,510.4545455,1434.727273,0.075590909,3.681581818,8.686718182,0.176154545,0.100818182,0.506472727
43,72.36363636,239.5,165.7,0.653409091,178.3581818,175.4456364,513.8181818,1432.727273,0.109472727,3.683572727,7.871327273,0.175345455,0.099709091,0.506636364,0.640909091,169.6207273,169.6207273,513.4545455,1442.636364,0.103618182,3.665109091,8.704918182,0.175572727,0.099554545,0.506463636
43,68.45454545,367.5,298,0.648863636,172.5331818,169.6208182,510.7272727,1459.363636,0.098981818,3.810418182,7.806645455,0.181618182,0.105018182,0.510363636,0.613636364,157.9711818,157.9711818,510,1459.909091,0.111536364,3.847681818,8.629754545,0.181054545,0.105,0.509990909
44,51.54545455,362.7,310.2,0.585227273,155.0588182,140.4967273,518.5454545,1435.181818,-1.256263636,8.395836364,4.023263636,0.503163636,0.003736364,-0.123454545,0.559090909,134.6718273,134.6718273,517.8181818,1424.181818,-1.533027273,8.526236364,4.524009091,0.502454545,0.002263636,-0.124754545
44,60,729.3,670,0.613636364,143.4090909,152.1464545,510.8181818,1427.090909,-0.943654545,8.127054545,4.446627273,0.480036364,-0.0033,-0.101218182,0.5875,140.4966364,140.4966364,509,1426.636364,-1.111154545,8.208227273,4.969727273,0.477754545,0.001209091,-0.094954545
44,66.81818182,445,377.3,0.638636364,155.0589091,166.7084545,532.7272727,1414.090909,-0.734609091,8.000027273,4.639836364,0.458572727,-0.002454545,-0.075181818,0.603409091,155.0588182,155.0588182,532.1818182,1411.454545,-0.986463636,8.1019,5.005036364,0.460027273,-0.001736364,-0.074263636
45,102.1818182,206.7,102.6,0.618181818,163.7960909,155.059,509.5454545,1440.909091,0.2078,3.017481818,8.129481818,0.017190909,0.162236364,0.986327273,0.571590909,140.4967273,140.4967273,508.7272727,1444.909091,0.227509091,3.028709091,8.766172727,0.017218182,0.161327273,0.986490909
45,90.81818182,216.7,123.5,0.613636364,155.059,155.059,497.4545455,1446.909091,1.028745455,2.410809091,8.304872727,-0.010872727,-0.144945455,-0.945745455,0.594318182,149.2340909,149.2340909,496.3636364,1450.090909,1.054645455,2.507081818,9.019472727,-0.009127273,-0.142963636,-0.946472727
45,106.6363636,220,112.7,0.614772727,155.059,155.059,491.1818182,1467,0.699581818,2.561345455,7.940427273,0.153536364,-0.031954545,0.067254545,0.55,137.5842727,137.5842727,488.6363636,1468.454545,0.725636364,2.419318182,8.746718182,0.152736364,-0.033009091,0.062818182
46,42,243.3,198,0.564772727,152.1465455,131.7593727,520.4545455,1454.272727,0.392845455,6.200881818,6.497990909,0.340772727,0.071363636,0.2519,0.551136364,128.8469182,128.8469182,520.4545455,1456.636364,0.4277,6.213536364,7.157927273,0.340063636,0.070645455,0.252045455
46,72.90909091,337.7,262.4,0.605681818,131.7593727,152.1465455,503.1818182,1447.909091,0.738563636,5.783936364,6.776572727,0.325818182,0.028418182,0.204727273,0.586363636,149.2340909,149.2340909,502.9090909,1438.363636,0.740554545,5.7976,7.335745455,0.325127273,0.026618182,0.202163636
46,64.81818182,348,278.3,0.6,155.059,143.4091818,509.2727273,1441.545455,0.070381818,5.418690909,7.024872727,0.301181818,0.048963636,0.168963636,0.580681818,134.6718182,134.6718182,509,1442.272727,0.0869,5.450545455,7.520472727,0.299981818,0.049509091,0.168863636
47,89.81818182,407.7,319.8,0.602272727,140.4967273,143.4091818,538,1443.727273,-0.527327273,4.948772727,7.5273,0.134854545,0.223718182,0.771836364,0.5875,131.7593636,131.7593636,537.5454545,1438.636364,-0.439809091,4.948027273,8.226436364,0.138372727,0.225936364,0.771227273
47,86.18181818,450.4,360.5,0.607954545,143.4091818,152.1465455,498.0909091,1446.909091,-0.6722,6.377427273,6.158663636,0.303436364,0.193027273,0.421263636,0.556818182,137.5842727,137.5842727,497.4545455,1448.181818,-0.504418182,6.4577,6.979645455,0.3031,0.191281818,0.420263636
47,99.54545455,415.5,314.4,0.621590909,152.1465455,155.0589091,521.3636364,1459.363636,-1.5044,5.918027273,6.8445,0.163054545,0.294090909,0.692018182,0.556818182,143.4091818,143.4091818,520.3636364,1463.909091,-1.271763636,5.991636364,7.465354545,0.163209091,0.294254545,0.691490909
48,81.09090909,380,297.5,0.589772727,152.1464545,137.5842727,515.6363636,1457.272727,-0.832590909,4.636372727,7.742136364,0.265527273,0.0261,-0.075236364,0.5875,137.5842727,137.5842727,515.5454545,1462.545455,-0.728772727,4.686863636,8.390209091,0.264990909,0.027509091,-0.074327273
48,91.63636364,300.1,207.6,0.598863636,137.5842727,143.4091818,517.6363636,1461.454545,-0.833545455,3.989372727,8.057381818,0.230054545,0.031754545,-0.0772,0.597727273,140.4967273,140.4967273,516.9090909,1456.818182,-0.794563636,4.081581818,8.634945455,0.229854545,0.032063636,-0.076463636
48,85.36363636,331.3,244.9,0.588636364,137.5842727,131.7593636,511.9090909,1465.454545,-0.943190909,4.288745455,7.763472727,0.241463636,0.033454545,-0.076236364,0.579545455,131.7593636,131.7593636,511.5454545,1461.818182,-0.849863636,4.366472727,8.501418182,0.241209091,0.034409091,-0.076881818
49,72.09090909,317.7,246.7,0.615909091,143.4090909,149.234,510.6363636,1447.181818,-0.347527273,6.146072727,6.838218182,0.284763636,-0.1795,-0.544181818,0.588636364,146.3215455,146.3215455,510.5454545,1447.272727,-0.317336364,6.188745455,7.456036364,0.2849,-0.179681818,-0.544190909
49,64.54545455,248.5,185,0.615909091,152.1463636,155.0588182,495.4545455,1447.909091,-0.449918182,6.237481818,6.687827273,0.289072727,-0.175236364,-0.545009091,0.603409091,155.0588182,155.0588182,495.0909091,1440.909091,-0.437963636,6.224854545,7.437409091,0.288736364,-0.174936364,-0.545645455
49,70.72727273,317.8,249.3,0.590909091,152.1464545,137.5841818,505,1448,0.017281818,5.817718182,7.113127273,0.260072727,-0.174572727,-0.525609091,0.530681818,128.8469091,128.8469091,504.2727273,1450.363636,-0.003963636,5.838645455,7.757972727,0.259454545,-0.1755,-0.527263636
50,111,436,329.8,0.631818182,137.5842727,155.059,528.3636364,1445.636364,-0.010581818,5.365409091,7.405509091,0.292354545,0.048572727,0.151690909,0.629545455,152.1465455,152.1465455,528.3636364,1445,-0.1524,5.480872727,8.023272727,0.292,0.049845455,0.150736364
50,117.8181818,349.3,232.2,0.625,155.059,155.059,529.3636364,1439.363636,-0.130727273,5.416318182,6.979563636,0.259236364,-0.153936364,-0.5007,0.603409091,149.2340909,149.2340909,528.4545455,1441.363636,-0.228245455,5.627945455,7.775481818,0.259918182,-0.153145455,-0.501381818
50,114,234.4,127.4,0.631818182,155.059,155.059,539.8181818,1444.181818,0.291645455,5.141945455,7.201327273,0.217890909,-0.207654545,-0.671363636,0.628409091,152.1465455,152.1465455,539.7272727,1442.545455,0.275336364,5.262881818,8.227354545,0.220645455,-0.205318182,-0.671963636
51,98.18181818,331.6,232.7,0.607954545,155.059,149.2340909,523.4545455,1429.090909,-0.794518182,4.136181818,7.512472727,0.2089,0.108781818,0.251972727,0.540909091,134.6718182,134.6718182,521.3636364,1423.909091,-0.813227273,4.1576,8.529681818,0.208254545,0.110545455,0.252209091
51,117.4545455,315,195,0.623863636,152.1464545,157.9713636,507.6363636,1437.363636,-0.769363636,3.725972727,7.681190909,0.187690909,0.100545455,0.252636364,0.569318182,143.4091818,143.4091818,503.7272727,1435.363636,-0.742236364,3.790736364,8.4742,0.186618182,0.098081818,0.251518182
51,100.6363636,401.1,299.6,0.604545455,152.1465455,146.3216364,524.7272727,1432.272727,-0.763036364,3.9344,7.531372727,0.2018,0.093,0.241081818,0.535227273,125.9344545,125.9344545,521.2727273,1430.181818,-0.786572727,4.016154545,8.6688,0.201236364,0.092709091,0.240672727
52,64.90909091,428.2,363.4,0.553409091,134.6718273,117.1971091,547.5454545,1438.181818,-0.557645455,6.998227273,5.913190909,0.405236364,0.033172727,-0.035263636,0.509090909,111.3722182,111.3722182,547.3636364,1439.909091,-0.583381818,7.009181818,6.381545455,0.404972727,0.035318182,-0.030627273
52,62.72727273,385.5,322.3,0.554545455,120.1095545,120.1095545,559.1818182,1442.454545,-0.961918182,6.657027273,6.234272727,0.289590909,0.257809091,0.476645455,0.521590909,114.2846636,114.2846636,558.5454545,1443.636364,-1.049890909,6.646854545,6.6742,0.2892,0.257163636,0.478090909
52,61.90909091,379.6,317.3,0.555681818,117.1971091,120.1095545,553.1818182,1445.454545,-1.086581818,6.778345455,6.178536364,0.291381818,0.270290909,0.483272727,0.498863636,111.3722182,111.3722182,552.5454545,1440,-1.072490909,6.793209091,6.719,0.290990909,0.268636364,0.4833
53,61.18181818,308.1,250.8,0.568181818,123.022,123.022,549.8181818,1437.545455,-0.945745455,6.659236364,6.271790909,0.349763636,-0.168045455,-0.536409091,0.506818182,111.3722182,111.3722182,549.5454545,1439.181818,-1.019918182,6.707590909,6.597145455,0.349,-0.168790909,-0.5379
53,60.45454545,365.2,306.2,0.565909091,123.022,123.022,564.5454545,1442.363636,-0.798509091,6.705818182,6.224372727,0.3536,-0.159445455,-0.506136364,0.494318182,114.2846636,114.2846636,564.3636364,1440,-0.8359,6.738390909,6.573172727,0.353972727,-0.158809091,-0.503827273
53,58.36363636,402,345.3,0.559090909,123.022,123.022,569.8181818,1433.636364,-0.975536364,6.672190909,6.254181818,0.348445455,-0.166190909,-0.534390909,0.503409091,117.1971091,117.1971091,570.7272727,1441.272727,-0.933336364,6.681609091,6.756781818,0.348327273,-0.165436364,-0.531018182
54,54.63636364,158.9,102.9,0.6375,140.4964545,163.7958182,495.2727273,1450,0.144927273,6.645918182,6.106781818,0.374127273,-0.017390909,-0.028236364,0.603409091,152.1462727,152.1462727,494.7272727,1447,0.086254545,6.653609091,6.998390909,0.373336364,-0.016372727,-0.027590909
54,57.09090909,184.2,127.3,0.643181818,157.9710909,160.8835455,421.1818182,1432.545455,0.583363636,6.346118182,6.758109091,0.344518182,-0.074027273,-0.092881818,0.634090909,160.8835455,160.8835455,421,1433.545455,0.452218182,6.444445455,7.057636364,0.346109091,-0.0747,-0.0928
54,55,197.8,144.1,0.634090909,160.8835455,155.0587273,420,1438,0.3517,6.583354545,6.188854545,0.366390909,-0.030918182,-0.040027273,0.627272727,152.1463636,152.1463636,419.8181818,1442.363636,0.349145455,6.581636364,7.068881818,0.366063636,-0.030618182,-0.0397
55,57.27272727,419.3,362.1,0.638636364,157.9711818,166.7084545,541,1455.363636,-1.202272727,4.558454545,7.319236364,0.256972727,0.015754545,-0.184963636,0.620454545,149.2338182,149.2338182,540.0909091,1445.363636,-1.206363636,4.600818182,8.096054545,0.257,0.015645455,-0.184981818
55,60.72727273,334.8,272.1,0.656818182,169.6208182,172.5331818,528.9090909,1436.727273,-1.397090909,5.046072727,7.004927273,0.292490909,0.014490909,-0.207227273,0.6125,163.7960909,163.7960909,527.8181818,1438.363636,-1.375590909,5.084509091,7.822245455,0.292045455,0.014654545,-0.207309091
55,61.72727273,301.3,237.5,0.657954545,175.4455455,178.3579091,533.3636364,1447.090909,-1.416727273,4.979972727,7.042954545,0.282290909,0.017718182,-0.198536364,0.630681818,169.6208182,169.6208182,532.6363636,1447.363636,-1.390272727,5.002818182,7.8687,0.283290909,0.018509091,-0.198272727
56,76.36363636,604.3,527.8,0.582954545,157.971,125.9344545,508.5454545,1433,-0.167945455,5.4086,7.031481818,0.297,0.051636364,0.132618182,0.570454545,125.9344545,125.9344545,508.3636364,1430.272727,-0.056063636,5.392727273,7.847727273,0.294463636,0.047490909,0.130236364
56,75,353.9,280.7,0.582954545,125.9344545,125.9344545,515.3636364,1427.454545,0.620472727,6.402081818,6.401663636,0.361718182,-0.043927273,-0.020681818,0.579545455,125.9344545,125.9344545,515.3636364,1423.272727,0.645281818,6.408309091,7.189618182,0.360945455,-0.044354545,-0.020709091
56,78.18181818,402.7,325.2,0.589772727,125.9344545,125.9344545,517.9090909,1425.272727,0.424890909,5.362345455,7.047445455,0.298036364,-0.0267,-0.007254545,0.580681818,125.9344545,125.9344545,517.8181818,1427.545455,0.512190909,5.344609091,8.210218182,0.297663636,-0.026572727,-0.007145455
57,76.54545455,336.9,261.2,0.626136364,143.409,163.7960909,531,1441.090909,0.777109091,9.302081818,2.8584,0.576781818,-0.111763636,-0.088072727,0.610227273,163.7960909,163.7960909,530.8181818,1445.363636,0.790536364,9.331009091,3.042163636,0.576527273,-0.112218182,-0.088481818
57,67.63636364,698.2,633,0.588636364,149.2340091,134.6718273,533.9090909,1436.090909,0.528090909,8.894063636,3.7641,0.533890909,-0.085190909,-0.0864,0.588636364,134.6718273,134.6718273,533.9090909,1433.363636,0.520709091,8.892127273,4.000081818,0.534254545,-0.084890909,-0.086136364
57,70.09090909,446.1,375.8,0.597727273,143.4090909,146.3214545,532.6363636,1430.454545,0.518836364,9.163945455,3.160781818,0.563390909,-0.087936364,-0.083454545,0.590909091,143.4090909,143.4090909,532.5454545,1429.272727,0.512836364,9.1734,3.4347,0.562836364,-0.088781818,-0.084618182
58,92.54545455,239.5,149.4,0.607954545,143.4090909,152.1465455,495.1818182,1454.545455,-1.294018182,3.802445455,7.8568,0.050072727,0.207845455,0.824818182,0.5875,140.4967273,140.4967273,494.8181818,1456.636364,-1.303590909,3.862909091,8.723145455,0.049981818,0.208327273,0.825209091
58,98.45454545,270.6,170.6,0.604545455,152.1465455,149.2340909,496.7272727,1450.454545,-1.219154545,3.793045455,7.865327273,0.050618182,0.210281818,0.828563636,0.584090909,146.3216364,146.3216364,496.3636364,1455.454545,-1.187181818,3.810918182,8.681272727,0.050872727,0.209245455,0.828572727
58,78,235.3,157,0.605681818,149.2340909,146.3216364,504.0909091,1462.363636,-1.129690909,3.826827273,7.849618182,0.057636364,0.208609091,0.830336364,0.573863636,137.5842727,137.5842727,503.4545455,1467.181818,-1.183672727,3.887372727,8.710990909,0.057281818,0.208518182,0.830372727
59,49.63636364,199.2,148.7,0.638636364,155.0588182,163.7960909,500.2727273,1456.909091,-0.459154545,4.896336364,7.416118182,0.261563636,0.011709091,-0.0414,0.635227273,160.8837273,160.8837273,500.1818182,1451.454545,-0.437327273,4.896527273,8.159390909,0.261427273,0.011827273,-0.0417
59,45,242.2,197.7,0.621590909,160.8837273,157.9712727,492.3636364,1451,-0.394545455,6.284909091,6.483309091,0.336772727,0.119136364,0.256745455,0.621590909,157.9712727,157.9712727,492.3636364,1448.272727,-0.390372727,6.270218182,7.074881818,0.3364,0.118972727,0.256218182
59,51.18181818,348.5,298,0.634090909,157.9712727,160.8837273,496.8181818,1443.636364,-0.296127273,6.541654545,6.224545455,0.350154545,0.110145455,0.242745455,0.634090909,160.8837273,160.8837273,496.8181818,1438.909091,-0.285036364,6.514409091,6.835336364,0.349027273,0.110818182,0.243481818
60,88.36363636,502.7,414.8,0.629545455,166.7084545,163.7958182,529.5454545,1425.818182,0.685372727,4.767909091,7.426236364,0.251509091,0.1139,0.543463636,0.528409091,143.4091818,143.4091818,529.3636364,1421.090909,1.120272727,5.172272727,8.450272727,0.252609091,0.114390909,0.543354545
60,85.54545455,1214.8,1129,0.631818182,160.8834545,160.8836364,520,1428.636364,0.641054545,4.127763636,7.753218182,0.220681818,-0.0164,0.089436364,0.609090909,149.234,149.234,519.9090909,1427.909091,0.830363636,4.392981818,8.830563636,0.221927273,-0.015081818,0.090581818
60,90.72727273,612.8,521.4,0.617045455,155.0589091,152.1465455,546.6363636,1430.272727,0.545445455,4.269118182,7.921763636,0.224436364,0.077272727,0.445,0.593181818,146.3216364,146.3216364,546.9090909,1427.363636,0.664363636,4.483254545,8.748818182,0.223518182,0.075709091,0.444845455
61,54.09090909,301.4,250.2,0.592045455,146.3216364,137.5842727,503.2727273,1442,-0.054409091,1.246963636,8.352318182,0.065027273,0.028654545,0.3651,0.592045455,137.5842727,137.5842727,503.2727273,1447.636364,-0.0317,1.331390909,9.332590909,0.064681818,0.029527273,0.365154545
61,55.54545455,986.7,934.5,0.585227273,131.7593636,125.9344545,496.4545455,1452.545455,0.053009091,1.675145455,8.303972727,0.083709091,0.031790909,0.365354545,0.585227273,125.9344545,125.9344545,496.4545455,1454,0.107309091,1.706554545,9.167745455,0.084118182,0.031909091,0.363081818
61,55.63636364,239.5,183.2,0.594318182,134.6718182,137.5842727,493.7272727,1451.363636,0.1391,1.566690909,8.372963636,0.082963636,0.040381818,0.4759,0.572727273,131.7593636,131.7593636,493.4545455,1451.727273,0.198854545,1.628481818,9.1997,0.083163636,0.040563636,0.475236364
62,63.09090909,291.8,227.4,0.628409091,143.4090909,160.8837273,515.7272727,1448.727273,0.052309091,5.261527273,7.521736364,0.278836364,-0.057072727,-0.194272727,0.586363636,143.4091818,143.4091818,514.5454545,1450.545455,-0.001245455,5.232563636,8.091681818,0.278018182,-0.057263636,-0.194590909
62,66.90909091,224.9,157.1,0.645454545,163.7960909,163.7960909,511.6363636,1449.181818,0.134454545,5.2982,7.406645455,0.278045455,-0.058436364,-0.190745455,0.613636364,149.234,149.234,510.6363636,1446.272727,0.116536364,5.2651,8.017581818,0.277909091,-0.057363636,-0.191190909
62,65.36363636,226.6,159.7,0.647727273,163.7960909,166.7084545,517.6363636,1449,0.066027273,5.234436364,7.3714,0.276009091,-0.064890909,-0.213309091,0.639772727,157.9710909,157.9710909,517,1448.636364,-0.012736364,5.236836364,8.250445455,0.274827273,-0.065172727,-0.213736364
63,92.09090909,364.1,272.8,0.589772727,157.9712727,137.5842818,544.6363636,1450.909091,-0.198781818,5.458290909,6.991518182,0.313290909,-0.037881818,-0.167772727,0.542045455,131.7593818,131.7593818,544,1457.090909,-0.375172727,5.7931,7.594136364,0.3179,-0.035,-0.164763636
63,82.54545455,459.5,374.5,0.607954545,137.5842818,146.3216364,524.7272727,1449.818182,-0.0953,5.953936364,6.563136364,0.334790909,-0.058009091,-0.172963636,0.585227273,137.5842727,137.5842727,523.8181818,1448.909091,-0.0964,5.925854545,7.393745455,0.331109091,-0.0566,-0.173281818
63,74,299.8,227.5,0.578409091,146.3216364,140.4967273,536.6363636,1467,-0.156481818,6.039018182,6.322281818,0.336081818,-0.051363636,-0.1588,0.536363636,125.9344818,125.9344818,537.9090909,1469.909091,-0.115936364,6.209854545,7.093836364,0.336081818,-0.051363636,-0.1588
64,59.81818182,220.9,161,0.596590909,140.4967273,146.3216364,513.4545455,1464.181818,-0.363527273,5.800581818,6.973527273,0.298163636,-0.101,-0.360836364,0.575,134.6718182,134.6718182,513.1818182,1457.090909,-0.362027273,5.825109091,7.751863636,0.298518182,-0.100790909,-0.360681818
64,66.72727273,230.2,164.3,0.611363636,146.3216364,146.3216364,509.4545455,1444.636364,-0.327145455,5.782109091,7.051581818,0.297918182,-0.102436364,-0.365436364,0.564772727,134.6718182,134.6718182,509.1818182,1440.090909,-0.434336364,5.835263636,7.725490909,0.297281818,-0.104181818,-0.367254545
64,56.45454545,257.2,202.7,0.592045455,146.3216364,140.4967273,535.4545455,1441.636364,0.187109091,6.514154545,6.262481818,0.319081818,-0.167781818,-0.421836364,0.576136364,134.6718182,134.6718182,535.2727273,1445.818182,0.152945455,6.419172727,6.972354545,0.315236364,-0.170918182,-0.423827273
65,93.18181818,242.5,149.2,0.606818182,143.4091818,146.3216364,511.7272727,1439.272727,-0.340363636,4.093909091,8.008345455,0.212672727,0.0416,0.116045455,0.585227273,137.5842727,137.5842727,510.8181818,1435.363636,-0.297754545,4.113463636,8.8843,0.211963636,0.0416,0.116236364
65,97.63636364,293.2,195.9,0.601136364,143.4091818,149.234,513.7272727,1443.818182,-0.478418182,4.312263636,7.810609091,0.2223,0.0566,0.126436364,0.570454545,140.4967273,140.4967273,512.7272727,1442.090909,-0.516109091,4.283636364,8.855690909,0.222245455,0.056472727,0.126209091
65,89.90909091,289.8,200.1,0.610227273,149.234,146.3215455,516.0909091,1444,-0.243863636,4.111363636,7.933636364,0.211663636,0.038727273,0.124954545,0.579545455,140.4966364,140.4966364,515.6363636,1444.727273,-0.170963636,4.126472727,8.910054545,0.211436364,0.037745455,0.123936364
66,118.6363636,292.7,173.1,0.601136364,146.3215455,146.3216364,492.9090909,1459,0.1495,9.247018182,2.810327273,0.022827273,0.598581818,0.797472727,0.55,134.6718182,134.6718182,491,1464.181818,0.144563636,9.308827273,3.448563636,0.024363636,0.598854545,0.797190909
66,118.6363636,391.1,269,0.597727273,143.4091818,137.5842727,500.8181818,1465,0.408054545,9.276381818,2.785545455,0.049636364,0.597072727,0.796918182,0.575,131.7593636,131.7593636,499.5454545,1465.636364,0.372054545,9.316645455,3.448972727,0.047818182,0.598145455,0.7964
66,72.81818182,487.7,415.2,0.585227273,134.6718182,125.9344545,550.1818182,1464.181818,-0.346654545,9.332718182,2.618172727,-0.0067,0.386263636,0.505681818,0.530681818,117.1971091,117.1971091,550.6363636,1458.272727,-0.478790909,9.3986,2.612436364,-0.017563636,0.496127273,0.649572727
67,69.45454545,415.2,347.1,0.585227273,123.022,123.022,553.5454545,1464,0.1227,9.092309091,3.309190909,0.587645455,-0.086172727,-0.209472727,0.539772727,117.1971091,117.1971091,553.2727273,1473.090909,0.095845455,9.138790909,2.842909091,0.588027273,-0.085818182,-0.211063636
67,71.09090909,414.3,342.8,0.584090909,123.022,125.9344545,556,1474.363636,0.117981818,9.151436364,3.106463636,0.582981818,-0.097390909,-0.199881818,0.554545455,120.1095545,120.1095545,555.9090909,1473.545455,0.130645455,9.186854545,2.913009091,0.586618182,-0.095236364,-0.196745455
67,76.36363636,461.4,385.7,0.579545455,125.9344545,123.022,552.8181818,1469.727273,0.2162,9.264318182,2.833836364,0.604918182,-0.094245455,-0.204136364,0.560227273,114.2846636,114.2846636,552.3636364,1464.545455,0.188336364,9.390281818,2.489263636,0.607345455,-0.092963636,-0.203609091
68,67.36363636,459.5,392.9,0.629545455,140.4964545,160.8835455,518.4545455,1445.090909,0.121372727,5.731627273,6.903027273,0.132245455,0.322763636,0.854363636,0.613636364,152.1463636,152.1463636,517.7272727,1445.818182,-0.016972727,5.936072727,7.806745455,0.132545455,0.322318182,0.853627273
68,61,451,390.5,0.638636364,160.8836364,166.7083636,536,1460.090909,-1.005381818,4.468954545,7.389672727,0.268227273,0.095027273,0.086454545,0.622727273,160.8835455,160.8835455,535.5454545,1460.545455,-0.764709091,4.546736364,9.031245455,0.268027273,0.095281818,0.085590909
68,66.54545455,435.8,371,0.644318182,172.5331818,172.5333636,544.4545455,1460.272727,-0.715163636,4.459363636,7.413327273,0.274081818,0.0858,0.086427273,0.611363636,169.621,169.621,543.2727273,1463.818182,-0.563990909,4.514281818,8.990509091,0.273981818,0.085218182,0.088945455
69,124.6363636,431.1,310.7,0.639772727,163.7961818,160.8837273,526,1456.545455,-0.318109091,3.404472727,8.073081818,0.054736364,0.185636364,0.906409091,0.615909091,157.9713636,157.9713636,525,1449.090909,-0.345,3.476909091,9.009563636,0.055845455,0.185781818,0.906109091
69,117.0909091,362.8,249.1,0.645454545,157.9713636,155.059,528.1818182,1452.181818,-0.584190909,3.590454545,7.9517,0.169572727,-0.120109091,-0.675327273,0.645454545,155.059,155.059,528.1818182,1452.363636,-0.480163636,3.660627273,9.1591,0.170445455,-0.120172727,-0.674045455
69,132.1818182,419,287.8,0.653409091,157.9713636,169.6208182,522.9090909,1459.545455,-0.498463636,3.526618182,7.985836364,0.173227273,-0.112645455,-0.674272727,0.640909091,163.7960909,163.7960909,522.6363636,1458.818182,-0.512918182,3.581472727,9.075163636,0.171181818,-0.115254545,-0.675836364
70,68.63636364,243.4,173.7,0.596590909,166.7083636,143.4090909,501.7272727,1447.272727,0.363736364,5.662572727,6.849936364,0.177772727,-0.256754545,-0.739045455,0.596590909,143.4090909,143.4090909,501.7272727,1448.545455,0.384272727,5.660763636,7.6628,0.176927273,-0.257509091,-0.738954545
70,80.36363636,200.4,119.4,0.627272727,152.1462727,163.796,498.7272727,1453.272727,-0.194745455,2.914909091,8.043981818,0.109354545,-0.104154545,-0.734390909,0.596590909,152.1464545,152.1464545,497.6363636,1452.363636,-0.223427273,2.895336364,8.730181818,0.109545455,-0.104145455,-0.734418182
70,67.72727273,202.4,132.9,0.606818182,157.9711818,155.0587273,503,1452.636364,-0.040590909,5.885781818,6.849027273,0.206072727,-0.264263636,-0.7555,0.579545455,143.4091818,143.4091818,502.5454545,1453.636364,-0.003254545,5.910018182,7.286927273,0.206072727,-0.264536364,-0.755727273
71,85.18181818,680.8,594.7,0.501136364,146.3215455,128.8469091,519.2727273,1442.181818,0.194381818,3.822218182,7.9029,0.197354545,0.040954545,0.229072727,0.454545455,123.022,123.022,517.4545455,1442,0.212363636,3.778345455,8.734836364,0.198536364,0.042681818,0.229681818
71,109.7272727,602.8,494.8,0.503409091,125.9344636,128.8469182,496.2727273,1453.636364,-6.558581818,6.183681818,2.454727273,-0.254709091,0.503245455,0.774609091,0.459090909,123.0220182,123.0220182,495.1818182,1457.636364,-6.711818182,6.052463636,4.1287,-0.254772727,0.501690909,0.775181818
71,102.9090909,1391,1287.1,0.481818182,128.8469182,125.9344727,484.8181818,1456.272727,-6.232981818,6.328718182,2.790290909,-0.244027273,0.498490909,0.787572727,0.440909091,108.4597727,108.4597727,483.3636364,1462,-6.356336364,6.284081818,4.0038,-0.243990909,0.498709091,0.787445455
72,70.63636364,268.5,198.3,0.643181818,140.4965545,166.7083636,499.5454545,1448.818182,0.308245455,4.699054545,7.720327273,0.248909091,0.007563636,0.089481818,0.618181818,155.0588182,155.0588182,498.5454545,1438.181818,0.2806,4.745663636,8.484781818,0.248927273,0.007254545,0.088654545
72,68.36363636,176.5,108,0.655681818,169.6207273,169.6207273,507.0909091,1449.090909,0.329754545,4.620354545,7.770218182,0.247454545,0.047309091,0.235609091,0.596590909,149.234,149.234,506.1818182,1452.727273,0.257527273,4.661845455,8.438881818,0.248345455,0.0474,0.234545455
72,66.81818182,177.4,111.4,0.652272727,169.6207273,172.5331818,509.4545455,1449.545455,0.134681818,4.818136364,7.696609091,0.240454545,0.048245455,0.218272727,0.628409091,155.0589091,155.0589091,508.5454545,1446.181818,0.258954545,4.704009091,8.482509091,0.241254545,0.048245455,0.218218182
73,94.45454545,405.2,308.8,0.589772727,157.9711818,131.7593636,511,1441.454545,-0.302690909,5.8431,6.947909091,0.038281818,0.314890909,0.934245455,0.572727273,128.8469182,128.8469182,510.7272727,1444.727273,-0.307072727,5.824709091,7.956163636,0.038209091,0.314781818,0.934218182
73,110.4545455,455.5,342.3,0.585227273,131.7593636,140.4966364,522,1451.454545,-0.098627273,6.268454545,6.472372727,0.296618182,0.192781818,0.499109091,0.560227273,137.5841818,137.5841818,521,1444.272727,-0.079236364,6.256918182,7.205927273,0.296690909,0.192845455,0.499472727
73,104.5454545,731,621.9,0.5875,143.4090909,137.5842727,515.4545455,1442.363636,-0.234963636,5.767781818,7.0681,0.029327273,0.309790909,0.942045455,0.5875,137.5842727,137.5842727,515.4545455,1443.727273,-0.209890909,5.744472727,7.9758,0.029381818,0.310263636,0.9419
74,62.81818182,360.5,298.1,0.582954545,134.6718182,131.7593636,512.8181818,1446.727273,0.005163636,5.678463636,7.018709091,0.283054545,0.124190909,0.382118182,0.561363636,128.8469091,128.8469091,512.0909091,1447.727273,0.021318182,5.724427273,7.7726,0.283854545,0.123890909,0.382063636
74,60.45454545,342,282.1,0.596590909,134.6717273,137.5841818,506.7272727,1449.181818,-0.072163636,5.899181818,7.009509091,0.283890909,0.147327273,0.428445455,0.588636364,134.6717273,134.6717273,506.7272727,1450.363636,-0.059909091,5.902581818,7.592345455,0.283963636,0.146709091,0.427445455
74,78,322.4,246.8,0.586363636,134.6718182,128.8469182,533.2727273,1454.545455,-0.437854545,4.750481818,7.255836364,0.251754545,-0.053790909,-0.277254545,0.571590909,125.9344636,125.9344636,533,1450.636364,-0.431372727,4.701509091,8.6454,0.251745455,-0.053209091,-0.276818182
75,126.3636364,347.1,219.7,0.575,125.9344636,131.7593636,521.4545455,1435,0.837754545,4.968445455,7.283509091,0.032945455,-0.275190909,-0.916736364,0.556818182,128.8469091,128.8469091,520.0909091,1435.454545,0.851472727,5.026027273,7.885436364,0.033436364,-0.275018182,-0.916372727
75,119.5454545,354.6,231.4,0.575,137.5842727,137.5842727,501.5454545,1439.363636,-0.275054545,3.605690909,7.997945455,0.0292,0.189172727,0.9505,0.534090909,123.0220091,123.0220091,500.1818182,1442.363636,-0.2298,3.719854545,8.878845455,0.030518182,0.189272727,0.949818182
75,99.45454545,287.4,184.6,0.569318182,137.5842727,137.5842818,509.1818182,1444.363636,-0.578081818,3.987172727,7.602772727,0.029372727,0.217990909,0.944490909,0.531818182,128.8469182,128.8469182,508.0909091,1435.727273,-0.728581818,4.0115,8.424409091,0.028736364,0.2193,0.945145455
76,61.09090909,233.5,172.2,0.598863636,137.5842818,146.3216364,536.1818182,1428.727273,0.167636364,7.457918182,5.513772727,0.413681818,0.075954545,0.176581818,0.5625,131.7593636,131.7593636,535.7272727,1432.363636,0.123790909,7.4489,6.260445455,0.413045455,0.076718182,0.179345455
76,66.54545455,415.9,348.6,0.588636364,140.4967273,134.6718182,545.8181818,1467.090909,0.128954545,7.424872727,5.594372727,0.4138,0.073963636,0.172609091,0.579545455,131.7593636,131.7593636,545.3636364,1475.181818,0.118836364,7.397036364,6.283190909,0.413472727,0.073963636,0.172809091
76,70.45454545,256.4,183.9,0.611363636,143.4091818,149.2340909,529.1818182,1449.818182,0.275,7.570181818,5.418036364,0.427009091,0.058790909,0.150936364,0.590909091,143.4091818,143.4091818,528.6363636,1439.727273,0.212909091,7.5522,6.194336364,0.427109091,0.057581818,0.149954545
77,83.81818182,449.6,366.6,0.585227273,137.5842727,128.8469091,495.7272727,1432,-0.068681818,6.093009091,6.483427273,0.369309091,0.082754545,0.032872727,0.561363636,128.8469091,128.8469091,494.4545455,1432.090909,0.072963636,6.349790909,7.132927273,0.351263636,0.070363636,0.016663636
77,78.09090909,270.6,196.4,0.602272727,137.5842727,149.2340909,489.5454545,1445.818182,-1.342881818,6.072209091,6.624590909,0.409663636,0.130027273,-0.100290909,0.5625,131.7593636,131.7593636,491.1818182,1451.363636,-0.953072727,6.518872727,6.9422,0.413563636,0.131981818,-0.0924
77,81.63636364,368.1,288.3,0.596590909,152.1465455,146.3216364,487.6363636,1443.909091,-0.867763636,6.254636364,6.439627273,0.385245455,0.114336364,-0.013618182,0.553409091,128.8469091,128.8469091,487.4545455,1434.818182,-0.676609091,6.546590909,7.167563636,0.383145455,0.113318182,-0.022018182
78,50.90909091,405.1,350,0.565909091,146.3216364,143.4091818,508,1443.909091,-0.082554545,3.1564,7.891636364,0.000109091,0.078890909,0.447381818,0.55,131.7593636,131.7593636,507.7272727,1450.909091,-0.114518182,3.178763636,8.662318182,-0.000636364,0.076572727,0.447636364
78,52.18181818,437.4,383.3,0.586363636,137.5842727,134.6718182,510.1818182,1458.181818,-0.390036364,3.970554545,7.501409091,0.151781818,-0.157872727,-0.760227273,0.584090909,134.6718182,134.6718182,510.1818182,1458.090909,-0.333109091,3.978918182,8.356054545,0.151709091,-0.157527273,-0.760418182
78,64.09090909,691.3,627.5,0.584090909,128.8469091,131.7593636,509.9090909,1460.909091,-0.1307,3.9581,7.659645455,0.042827273,-0.213345455,-0.964163636,0.564772727,128.8469091,128.8469091,509.8181818,1458.545455,-0.131145455,3.975890909,8.533563636,0.042336364,-0.214227273,-0.964172727
79,61.09090909,383.4,322,0.598863636,143.4091818,152.1465455,548.8181818,1447.454545,-0.269,0.194272727,8.130581818,0.009845455,0.012818182,-0.045618182,0.519318182,128.8469091,128.8469091,546.3636364,1436,-0.372954545,0.177145455,8.919645455,0.009690909,0.012845455,-0.045754545
79,82,327,245.3,0.552272727,140.4967273,120.1095545,531.4545455,1447.363636,-0.006554545,0.298918182,8.549890909,0.015618182,-0.001663636,-0.008063636,0.5125,111.3722182,111.3722182,530.5454545,1454,-0.055454545,0.263327273,9.367790909,0.015418182,-0.002527273,-0.008454545
79,68.81818182,311.9,241.2,0.544318182,117.1971091,120.1095545,519.2727273,1448.727273,-0.004490909,0.294318182,8.559754545,0.0136,-0.005472727,-0.013227273,0.495454545,111.3722182,111.3722182,518.5454545,1447.818182,-0.013518182,0.316881818,9.148081818,0.013763636,-0.0053,-0.013563636
80,75.09090909,224.5,150.4,0.563636364,120.1095545,117.1971091,512.3636364,1453.636364,0.486545455,8.401618182,4.122918182,0.053227273,-0.506681818,-0.849190909,0.55,117.1971091,117.1971091,512.0909091,1459.272727,0.582754545,8.530118182,5.0317,0.053272727,-0.506945455,-0.849045455
80,70.45454545,219.5,148.7,0.568181818,120.1095545,123.022,512.2727273,1455,0.532936364,8.462636364,4.259218182,0.049927273,-0.508590909,-0.848645455,0.539772727,120.1095545,120.1095545,512.0909091,1439.181818,0.6385,8.579336364,5.067627273,0.051118182,-0.508136364,-0.848772727
80,75.18181818,248.2,174.8,0.567045455,125.9344636,123.0220182,516.5454545,1439.181818,0.442645455,8.518027273,4.166309091,0.049645455,-0.514,-0.846554545,0.567045455,123.0220182,123.0220182,516.5454545,1447.090909,0.496272727,8.502872727,4.809709091,0.047536364,-0.512909091,-0.847281818
